Asteroid Name,Aphelion Distance (AU),Eccentricity,Inclination (Degrees),Orbit ID,Orbit Uncertainty,Orbital Period,Perihelion Distance (AU),Aphelion Distance (miles),Perihelion Distance (miles)
(2002 CB26),3.364497505950558,0.7230224185930485,6.818845543174323,8,9,996.6,0.5408463475529532,312749581.7337167,50274808.847452365
(2002 SN),2.6860675748905916,0.3779969554143688,6.425274761666769,20,5,994.0,1.2124425986429652,249685579.81385416,112703580.5290623
(2000 WJ107),3.033095520558558,0.5581869680518554,5.99329134164235,12,7,992.0,0.8600130508097767,281943842.6497198,79943207.40336072
(1998 VP),2.865972227449308,0.4753906495180857,44.706726729755424,12,9,988.9,1.019062869371232,266408762.02462292,94727811.68436912
(1995 CS),3.4466055527901314,0.7752173940701759,2.6029076435007408,12,9,988.1,0.4364180862334102,320382001.5113007,40567595.514375724
(1994 GK),3.1003270558219618,0.6008315940265806,5.630593694109097,12,8,984.4,0.7730685810341199,288193404.2843344,71861214.02743934
(1997 MS),3.335354271406551,0.7267457879427779,54.97865649754966,12,8,980.5,0.527813422061806,310040548.84013146,49063322.73729357
(2001 VJ5),3.013347515575941,0.5605505765784435,6.074158328858418,8,8,980.1,0.8485555342858592,280108150.9045289,78878164.70553593
431394 (2007 FS35),2.672023689040027,0.3899960612074325,0.3191740553337366,39,0,973.5,1.1726256068996321,248380119.06736472,109002359.91837735
(1996 AP1),2.865815068770662,0.4955199164428823,5.462479052438222,12,8,968.9,0.9667184030496913,266394153.21277943,89862089.56117457
(2000 KP44),3.3503785059367766,0.7524143646724872,28.058281109015216,11,8,965.6,0.4733501434947595,311437138.68954784,44000644.71135807
(2000 WG63),2.8167729369085537,0.474382579850978,9.193228958515649,11,7,964.5,1.004179610147797,261835402.25514695,93344326.30840102
(1999 FQ10),2.826476663844198,0.479981384403361,1.072660694381636,11,9,964.0,0.993134438877425,262737420.02600676,92317613.49649474
(2002 TG66),2.923674795125256,0.5414560037478949,4.723435857209085,7,9,954.1,0.8697189676764527,271772550.7846671,80845428.74102747
(2001 SX269),2.530633696650399,0.3463868048707804,4.023607621226098,10,7,941.2,1.228514398823215,235237098.18445984,114197547.68914817
(2003 LW2),2.7793621048456156,0.479440571708345,2.2962636114110104,10,8,940.5,0.9779528667672294,258357848.15998095,90906398.20531785
(1997 XE10),2.762573770070358,0.4770652101187525,6.323820788015232,12,7,934.3,0.978051560680278,256797274.94817704,90915572.37767822
341816 (2007 YK),2.4722811010604597,0.3219254263571161,31.833042279504625,62,0,934.2,1.268143361268593,229812885.5549206,117881289.88465072
452307 Manawydan (1997 XV11),2.460516407871797,0.3177759552910391,44.267210363616584,42,0,931.9,1.2738306911058541,228719289.002249,118409960.2209013
(2001 WM15),2.970540669540152,0.5936066194228522,5.408267338773854,11,8,929.6,0.7575320346457485,276129005.97446,70417001.81567346
(1996 TC1),3.200513528028043,0.7190250695432581,14.508410130640712,12,9,927.9,0.5231244627528755,297506318.68608725,48627456.73946156
(2002 DO3),2.788894022347753,0.4993323508529411,3.801698425759352,7,6,926.6,0.9312871913253932,259243895.246252,86568552.67268094
(2002 XB40),2.88399201128217,0.5539132289481108,6.7993352335899875,8,8,923.5,0.8279166816304044,268083805.57769203,76959663.4957591
(1999 FR5),2.738533061575266,0.4783225127650739,3.8585555608342714,11,7,920.9,0.9663865861044244,254562551.4826003,89831245.24916042
(1995 FG),2.539808229657175,0.3733697883152536,1.9649387877359958,12,6,918.6,1.158843439057367,236089924.30645773,107721227.38062726
315020 (2007 BG49),2.43550803635071,0.3209075935706747,7.894189222714339,44,0,914.5,1.2521201493076821,226394615.6389226,116391839.28171745
451297 (2010 TK54),2.7514943974055552,0.49508511701562,30.80651813587574,24,1,911.9,0.92922500256799,255767382.91804162,86376860.25198717
(2002 FS6),2.6651382434628816,0.4525974546029308,7.533109162487572,7,9,907.7,1.004341191486838,247740076.9153067,93359346.23221183
(2001 BN61),2.6802589143397593,0.4643269729243437,9.726408393430075,11,9,904.5,0.9804793823633748,249145631.08317658,91141252.50214544
(2000 FX13),2.4393460809437184,0.336901356685012,11.53972450854826,11,7,900.2,1.2099075737796698,226751384.17241558,112467935.24643748
(2001 FC90),2.5087908431514867,0.37750229482012504,12.63769110031826,15,7,897.8,1.13373062862448,233206678.10432202,105386845.81394377
(2002 AN129),2.77370536548643,0.5250765464955554,0.2884704655329451,7,9,895.9,0.8637584350815812,257832021.38631475,80291362.621894
(2001 UD18),2.627518983055126,0.4459690453141558,2.7882030673904628,7,8,894.7,1.006748280922524,244243148.19508958,93583099.17388439
(1999 LD6),2.7037023156005566,0.4890562232472988,11.302425320472901,11,9,893.7,0.927728483841504,251324831.37259948,86237750.14566746
(2002 VR85),2.911573990634112,0.6036468204306454,6.016667753747847,15,7,893.6,0.7196170590912059,270647710.73453975,66892584.6552639
(2001 TE45),2.6518354481580566,0.4639442227086913,14.63385612113709,10,9,890.5,0.9710286022925084,246503504.83875886,90262747.61129823
(1999 AM10),2.724951330670533,0.5133509654373748,6.801505204041806,11,9,882.5,0.8762639761608106,253300050.72218582,81453825.28829977
(2001 UN16),2.6119610520551833,0.4512766247871774,1.6473424314482041,10,8,881.9,0.9875747048694686,242796948.15949187,91800803.93356186
(2003 HW10),2.7536971265560037,0.5319342177005272,3.910475957288944,9,7,880.3,0.8413621060647994,255972139.38442537,78209493.77818675
(2000 EC104),2.440184752402702,0.3703699408938247,31.742644140380467,12,8,867.9,1.121167083454249,226829343.55492222,104218991.33043385
(2001 GS2),2.459345237699376,0.3819041866173484,18.68072541356818,18,7,867.2,1.100011860305238,228610421.93341753,102252490.48457651
(2003 GF21),2.627028483849166,0.4882822107080542,21.82681770307006,8,8,856.6,0.9032542339686463,244197553.4454328,83962726.49133423
(2001 QL163),2.538921437656768,0.4425397805650046,8.166026578668154,8,8,852.9,0.98114985862643,236007491.8401766,91203577.16443513
(2001 VG16),2.520931876199595,0.4329775029974463,11.68018211859446,9,8,852.3,0.9975209549528944,234335257.6324374,92725365.6394061
454266 (2014 FM7),2.270947625368039,0.2910762428552814,19.04449550787612,27,0,852.1,1.246966421823661,211097769.7908475,115912770.38297507
(2002 AD29),2.589091346749373,0.4740441001113846,31.690865733219628,9,9,850.3,0.9238175907155658,240671076.24069408,85874209.91798735
(2003 JD11),2.708428529325313,0.5447184089180986,8.535351440453825,12,8,848.0,0.7982669482307062,251764160.38472906,74203548.59216015
(1997 VG),2.4504860553381898,0.4013047640621201,30.9280379318637,13,8,844.7,1.046948789933712,227786909.4852545,97319969.94180591
(2002 CP4),2.4107768422546534,0.37979001582474703,14.419943497080881,13,6,843.6,1.083634357428728,224095707.5268978,100730106.48357421
(2000 UQ30),2.540982513001458,0.45501500873341394,4.263552211037751,25,7,842.9,0.9517409266191071,236199080.7626928,88469846.1486569
(2001 VE76),2.641539215328053,0.5147869458403604,4.172161133638944,9,9,841.1,0.8461317374508578,245546410.20417485,78652858.71407257
(2001 FB58),2.3613765064815144,0.3584033070585183,10.53001358699729,13,7,837.1,1.115317777478719,219503659.43554708,103675264.3714915
(1994 FA),2.4638370161588816,0.4184462783087141,12.94694384587859,12,8,836.2,1.010157105206984,229027958.82621247,93899969.18709825
(2002 CU46),2.716893387231874,0.5648993225644346,32.172601386026585,16,9,835.6,0.755398213967929,252551018.08488488,70218650.79199088
(2000 SS43),2.44006481449633,0.4093895969545896,4.093273708887485,12,8,832.1,1.022519015792789,226818194.6300128,95049080.56503873
(2001 UU16),2.4451887118784907,0.41542706673572205,13.298715224860949,7,7,829.3,1.009865623796493,227294490.6475557,93872874.29728098
(1999 KL1),2.458767658791666,0.4288827855843989,9.667572728308947,11,8,824.5,0.9827569835337778,228556732.61978748,91352968.75758624
(1995 UC2),2.28090139509396,0.3260279339378647,27.648437091567,12,9,824.0,1.1592997299614327,212023030.49113026,107763642.26996604
(2003 EP16),2.398312653597111,0.395655675798526,8.493290160797791,11,7,822.8,1.03851305518656,222937088.8082326,96535819.40844329
(2002 YC12),2.4696908941855753,0.4387998298666051,11.472763756230519,10,8,821.4,0.9632965762321084,229572110.7838616,89544010.88699767
(1997 YR10),2.285364215079166,0.3322881721841053,36.690619621157,12,9,820.6,1.145371361192778,212437875.5255693,106468919.50707933
(2003 BV35),2.720422276635902,0.5877264478371342,30.778496948131448,17,8,819.2,0.706392563340811,252879048.84821352,65663290.97700724
(1990 UN),2.612781495037682,0.5280628858670434,3.684232740279844,12,9,816.7,0.8069488304654528,242873213.0992515,75010579.96394037
(2001 UB5),2.295195277077524,0.3431845226282699,47.05972118894272,7,9,815.9,1.122347492975263,213351729.82997784,104328717.25037245
(2001 TB),2.598967443417119,0.5232022371658681,4.032112471235475,8,8,814.1,0.8135373179373067,241589116.77915084,75623018.13559476
(2002 DC3),2.3857076282627796,0.4028953339553256,3.370000830554935,8,9,810.0,1.0154122849904939,221765378.5025829,94388468.6662393
(1998 UM1),2.374343974524013,0.4000452876535179,4.84854650467233,11,8,806.7,1.017466269705192,220709060.89572474,94579398.47352052
(2001 YR3),2.3305371541630007,0.3770536397401069,23.45562425046225,9,9,804.2,1.054279656027263,216636962.54500237,98001416.5175424
(1995 NA),2.342698240536675,0.3902395371753264,12.78566454037149,13,9,799.0,1.0275098105111948,217767406.14618427,95513003.9170221
(2002 XF40),2.397931785039219,0.4263901000141216,10.11138842705195,6,9,796.2,0.964306616665166,222901684.86396888,89637900.01083094
(2001 CA21),2.953992923854813,0.7753789280052502,4.95654724000439,12,9,783.9,0.3737394010678554,274590796.9157306,34741247.73599974
(1998 UR),2.279001720517653,0.3795005324777705,17.39456326472516,14,9,775.6,1.025095185373722,211846444.70733365,95288550.48810656
(2002 CY9),2.486580179969097,0.5081871534167793,41.96799052037302,9,7,773.2,0.8108622817781476,231142067.9781337,75374357.98993559
(1994 VH8),2.3825061489780683,0.4476581539899516,3.4039222105145566,11,9,771.2,0.9090252701094322,221467782.4112047,84499177.81460279
(1999 LE6),2.18580451101659,0.3302728205749209,27.14235360478683,12,7,769.3,1.100445462987875,203183222.86256897,102292796.37197678
(1998 BR26),2.442028495815412,0.4889756094791248,12.246586351473892,13,7,767.2,0.8381172369540927,227000730.21225503,77907864.35050571
(2001 BB40),2.274186575710551,0.3866482196613914,16.73597714121066,11,8,767.2,1.005933852044211,211398849.03465295,93507393.28003433
(1993 BD3),2.2499747425959513,0.3754149624309116,0.8896105188295931,12,8,764.2,1.021728421981146,209148218.54192555,94975590.27905239
(2001 OF25),2.19881119173118,0.3507918714116025,20.37532899234105,12,7,758.6,1.0567772349794151,204392269.3683362,98233580.98526783
(1998 WY1),2.190292885714293,0.3568551955404495,24.65696003748272,11,8,749.1,1.038191469746905,203600443.35593778,96505926.1742929
(1996 VZ4),2.189423593389609,0.3625339507812559,24.282140641699357,13,9,744.0,1.024329123941548,203519637.58614054,95217340.6292581
(1997 VG6),2.5107027114553184,0.5630234561122184,18.483784556137373,12,9,743.6,0.7019204921660872,233384397.3659044,65247585.990778364
(2003 GD),2.191628325857088,0.3669599268782961,31.34990360669412,15,8,741.5,1.014944570339033,203724580.2724761,94344991.87323934
162038 (1996 DH),2.0257783962053706,0.2765906966720856,17.23118191295469,184,1,730.1,1.1479536409876392,188307866.17552614,106708957.41001548
(1999 TM12),2.3216777800870743,0.4630771993033642,28.587449187634764,11,9,730.1,0.8520136439779411,215813432.27584094,79199616.08360209
(1999 TO13),2.272826787823756,0.4358096615893589,20.24694982703312,23,8,727.4,0.8930897659175904,211272448.8539158,83017880.15814744
(2002 XV90),2.178127029746108,0.377270938199526,9.975201449251136,9,8,726.4,0.9848338217963232,202469556.3932478,91546022.93485665
(1999 TV16),2.2251966804316132,0.40992456880646994,1.104371330131835,11,7,724.2,0.9312795306543282,206844953.77077827,86567840.56881785
(2002 VZ91),2.183017111791774,0.3846317219661288,3.4861802837011737,8,8,723.1,0.9701926221177828,202924117.917434,90185038.39929236
(2000 SB45),2.187049479288497,0.3984982570663541,3.667304676140447,11,8,714.3,0.9406619329177592,203298949.8933134,87439989.34537534
(2003 GR22),2.520033561568253,0.6139034812794636,6.223638465870974,8,9,712.7,0.6028713590784656,234251754.07069585,56040393.8649251
(2002 CV11),2.15571441445207,0.3924685958635735,17.02773821661109,11,9,703.6,0.9405341054151244,200386173.64549074,87428107.03667623
(2001 QF96),2.105537500596831,0.3629198231973139,6.650770897593273,16,7,701.4,0.9842077136996172,195721938.1116079,91487822.55128717
(1999 FR19),2.2800708383796318,0.4766341869081271,20.81482032259572,11,9,700.8,0.8081291485836836,211945825.42126387,75120297.38745949
(2000 JX8),2.043394902211305,0.3317748474242678,5.9829563066978535,11,8,694.2,1.025284321102385,189945422.71263787,95306131.7524486
(2003 BN1),2.264856898835271,0.4842940077669821,60.90693259224879,11,9,688.5,0.7869062787882669,210531601.38911483,73147508.39297621
(2002 EW11),2.1681215923734016,0.4283007126427527,3.7977459099131035,12,8,683.1,0.8678239521216018,201539492.88514817,80669276.04033136
(1998 LE),2.568294538755357,0.6981101279422018,9.10960527549262,11,9,679.4,0.4565911815455508,238737892.1649082,42442801.87431145
(2001 ND13),2.16254119381497,0.43511012074333705,8.424566466867361,10,8,675.6,0.8512222276217755,201020762.4322439,79126049.33732563
(2003 AS42),2.018081801756884,0.3421286557102058,10.01519535217826,8,8,673.5,0.9892033689616984,187592423.02531397,91952197.71903166
(1999 CQ2),2.075864651937761,0.3810155416680117,3.697283683836495,11,8,673.1,0.9304225176193608,192963674.5104137,86488176.23030895
(2002 RO28),2.0000821556829207,0.3313357060949623,6.187272522093209,9,7,672.6,1.0045426681333158,185919251.39387998,93378074.65653183
(2002 MR3),2.429847819395685,0.6185185714617487,9.748576471818252,17,9,671.9,0.5727100285518889,225868465.6025278,53236723.03739861
(2001 YD1),2.179648645409893,0.4645463611123201,7.035611686036747,9,8,663.2,0.7969025970573703,202610999.4056342,74076724.22743882
(1999 RP28),1.8318147191088059,0.2406304616600653,9.238991138591508,11,8,655.3,1.1212237169419872,170277815.98937044,104224255.74200523
(2001 PG14),1.9678057860832,0.3354640226132667,10.7370683654639,14,7,653.3,0.9791935381405288,182918975.40189537,91021725.81438343
(2001 WH49),1.937576374990003,0.3205286594159952,4.773494909080204,7,9,649.2,0.9969701207246716,180108976.0903391,92674162.39904805
(2003 DH6),1.9246254624153942,0.3132305797360327,19.15436148463549,15,7,648.0,1.006505585115125,178905113.55704394,93560539.18918583
(2002 YG4),1.915727236241449,0.3091649313137624,9.731395296611666,11,7,646.6,1.0109127774335178,178077971.75974688,93970213.30894952
(2001 TB2),1.791757776690792,0.2265620447854792,25.69987119167573,16,7,644.9,1.129835605899427,166554290.57001483,105024780.8321897
(1995 HM),1.7808788680713592,0.2198871253362188,3.988617887270081,12,5,644.3,1.138864821461429,165543032.83704597,105864098.85379776
(1997 UR),1.914536151449821,0.3121324458350451,2.264297950713655,22,7,643.8,1.003669487816121,177967253.51141047,93296907.47525206
(1996 FT1),2.035348304824027,0.398751214499961,2.698883026018024,13,8,641.1,0.8748880313090469,189197444.75670242,81325923.2238409
(2001 PJ29),2.015319905328347,0.3916312763024541,6.634188704455752,19,8,636.5,0.8810218766457192,187335688.71319482,81896099.76879916
(2002 VS85),2.251307501051277,0.5621184251920556,24.775672229453267,8,8,631.9,0.6310699995847437,209272106.1800403,58661621.25718804
(2000 LD3),2.5076789934143817,0.7409139926398867,37.189624704773045,11,9,631.5,0.3731973784410575,233103325.21444312,34690863.58516549
(2000 FP10),1.7818246666611668,0.2374181992928285,23.57191878344399,12,7,631.1,1.098082332733963,165630950.30847922,102073129.69153309
(2002 VO69),1.9415303806625617,0.3486917757257289,20.93955127570986,9,8,630.9,0.9376009606964784,180476523.8795939,87155454.20150587
(1991 VA),1.952817704698022,0.3571435574483908,6.60387722952647,12,8,630.5,0.9250174277467392,181525746.19726235,85985741.73781615
(2002 TH68),1.800626522972711,0.2542467252004873,19.938995239104443,19,6,628.3,1.07062119375525,167378692.04015025,99520457.34913003
(2003 JY2),2.2995272708572547,0.6042648700318417,4.9525004469161065,9,8,626.8,0.5672403232141823,213754413.80887443,52728282.1621865
(1993 FA1),1.8387403690231532,0.2890171342100115,20.45750637078046,12,8,622.3,1.014193576110238,170921595.36804894,94275182.59844433
(1991 TU),1.895868145642371,0.3344269129372572,7.733662207388832,9,9,618.5,0.9456035412097838,176231953.96140143,87899340.53338757
(2001 LD),1.9462888696971232,0.3742179206739341,30.07353774606891,15,8,615.6,0.8862878860224328,180918853.0692014,82385605.9215189
(1998 HM1),1.913337429721345,0.3593663175354227,3.24217605299239,11,8,609.9,0.9017057341997544,177855825.36544427,83818784.44525479
(2001 OC36),2.0771390683403492,0.4776138587005849,2.298897121633333,10,8,608.8,0.7343384446913537,193082138.9159183,68261022.93790314
(1991 JR),1.772546440595873,0.2609650565290499,10.1443441689445,15,8,608.8,1.038866027050152,164768485.3145182,96568630.19296815
(2002 LX64),2.243184647085871,0.5965674479206386,5.205089485098764,3,9,608.3,0.566824601201614,208517039.73232508,52689638.386907056
(2001 WV1),2.035132610207865,0.4519814651809326,1.5008241380132032,10,8,606.1,0.7681161350566147,189177394.68953267,71400855.41362429
(1995 UB),1.9783275936186102,0.4124597131257796,8.979980709698333,12,7,605.5,0.8229241167619461,183897038.51532084,76495575.59804861
(1998 XD12),2.2718742770471643,0.6239587858885607,13.525893247854741,11,8,604.4,0.5260714550596908,211183907.44574147,48901396.78836898
(2002 EG116),1.5066557142309767,0.0780230446319931,12.19738749544848,7,8,603.5,1.288564150007282,140052398.19885802,119779520.78700747
(2001 BM61),1.6489600513758167,0.1911465019195008,24.94435856361458,12,9,594.9,1.119733889660927,153280412.7366095,104085767.6443969
(2002 EA),1.9604690186477411,0.4230415932426637,11.29106430009123,7,8,590.6,0.7948531419371079,182236980.26215786,73886215.47226499
(1998 UY24),1.8059997664796918,0.3222606478282471,16.92971692739247,11,9,583.0,0.9256851996364279,167878166.2280162,86047815.01289639
(2001 SB170),1.991727400357672,0.4638439905084564,34.51785651843191,11,8,579.7,0.7295016558423112,185142628.36805287,67811415.32583122
(2001 UE18),1.6029993839739298,0.1804001909982839,15.356685533107019,8,9,578.0,1.113027597719875,149008101.79546005,103462378.86320782
(2001 FP32),1.809925176246121,0.3328890745014085,29.259529761790056,13,9,578.0,0.905867474276064,168243055.86173207,84205642.35370864
(2002 OY21),2.2608299822831746,0.6689144358273204,13.872242094884811,14,8,575.9,0.4485120112294259,210157276.11019358,41691796.07547979
(2001 SZ169),1.6443517374476,0.2307682835935846,6.3400399500455284,7,8,564.1,1.027721892279742,152852043.19524455,95532718.14902529
163335 (2002 LJ),2.2138863725349838,0.6671307618164383,56.31282891416036,66,0,559.0,0.4420377136150705,205793594.9697406,41089972.51421156
(2001 YO2),2.1848183674824817,0.6882752344705655,48.01586052268147,11,8,537.7,0.4034069679055951,203091555.0942689,37499020.36122829
(2000 HP40),1.49860687877683,0.1603395773490326,14.16052296285474,12,8,536.1,1.084441925264861,139304212.20161006,100805174.60370968
(2002 XM14),1.529431505421679,0.1907254393040675,62.42003194393143,11,8,531.7,1.039475574140797,142169540.2552716,96625291.13484998
(2002 CT118),1.725709256784137,0.3498238891355815,10.38525388121525,8,9,528.0,0.8312306087404985,160414697.08290318,77267712.26552185
(2002 AS4),2.2830216032566155,0.8014395030920578,27.03895020931382,7,9,521.1,0.2516420358364013,212220116.1524768,23391588.585000426
(2000 WN148),1.4852938422633668,0.1735935855572961,12.43150047320625,11,7,520.0,1.045895592549463,138066688.14524582,97222069.12873521
(2003 BS35),1.5143542942092931,0.2066516997430353,8.481792101202615,8,8,513.5,0.9956563319420396,140768025.91559836,92552038.10217224
(1999 RJ33),1.4909022292550098,0.1888805465581256,18.524230176964263,11,8,512.9,1.017175194622862,138588020.28555351,94552341.35426548
(2001 FR128),1.746120830836428,0.4042510711779929,45.29624010918102,14,8,506.5,0.7407860573622024,162312071.42664704,68860365.97870567
(2001 KW18),1.438684146900675,0.1578426396635407,7.219200372089201,10,8,505.9,1.046427555875696,133734046.28605698,97271518.20916484
(2002 TX59),1.4028372094383732,0.1461617267983222,13.000739187713098,7,8,494.6,1.045049814947,130401865.27598304,97143449.18892482
(2002 TZ57),1.498720464312574,0.2376214471138522,16.07585725275712,7,8,486.7,0.9232163368112396,139314770.63677967,85818319.87593465
(2002 FB),1.430065259734022,0.1865167039825966,7.036012703990653,8,7,483.3,0.9804617137741362,132932870.67168562,91139610.10416938
(1998 MV5),1.4276386653716842,0.1850053451076242,21.17362819798664,11,8,483.0,0.981867201020882,132707304.63381034,91270258.30580258
(1996 BT),2.203117080343397,0.8322147274751157,11.99181147834666,12,9,481.6,0.2017506977684005,204792526.72031257,18753898.978957955
(2000 BO19),1.6630696299993848,0.3846942530474629,16.86160490362548,11,8,480.8,0.7390052343098554,154591980.0078455,68694828.13426435
(2001 YC1),1.5215536904962879,0.2734857350374121,20.28191416602181,8,9,477.0,0.8680352128322417,141437251.60933438,80688913.95023397
(1991 TT),1.3862300810996622,0.1609747666516189,14.787938578440619,13,8,476.6,1.001815070127362,128858136.25477141,93124528.58197209
(2002 JU15),1.437432045585089,0.21383583993319602,10.731581363877519,12,8,470.7,0.9309805490936094,133617656.19747907,86540048.49648148
(2002 AJ69),1.656565659509762,0.4046713468541918,25.80388995681122,12,9,467.8,0.7020866518934655,153987398.18050265,65263031.50237308
(1992 YD3),1.3241559544486727,0.1365366057199912,27.328437151962515,12,9,459.3,1.00600384468921,123087985.70116062,93513899.50285338
(1999 LX1),2.010797075365438,0.7267641884479905,19.80369423949089,16,9,459.0,0.3181799659904349,186915265.402834,29576675.596744835
(1992 DU),1.3603854582111121,0.1741935581745358,24.991129960385862,13,8,455.5,0.9567545886582308,126455728.4704993,88935895.15089777
(2001 XP31),1.5907764208172381,0.3864965472500512,6.14098986903478,6,9,448.9,0.7038941630689624,147871906.3879613,65431050.1628464
(2003 JX2),1.3880258532749528,0.2438761055891727,9.688565565650654,6,8,430.6,0.8437492359611289,129025063.70700398,78431391.36476564
(2000 PN),1.8002537887823418,0.7623486605488742,22.865913271961826,12,9,377.1,0.2427628163673591,167344044.23258623,22566213.571301237
(2000 EZ106),1.343347705530937,0.4467833370779662,40.23766327817313,11,8,326.8,0.5136652570928437,124871970.41599548,47748168.64117173
(1999 XS35),34.66246337463027,0.946152158658747,19.359851900539372,18,5,"27,455.1",0.9590713757861772,3222077265.060454,89151253.96865578
(2000 DQ110),5.478495828286787,0.6296938680411539,58.27599529285488,47,0,"2,251.3",1.244847660600221,509258002.3603036,115715819.22303143
(1997 EN23),5.3097982015187135,0.6361058224019879,6.9543352397782385,12,8,"2,135.5",1.180977796971813,493576578.2790336,109778744.48903468
(1999 SE10),5.20690009903227,0.6190077103947038,6.882744356260289,11,6,"2,106.7",1.225311515034547,484011602.0955437,113899821.04097086
(1998 DK36),0.9802476908913854,0.4160165389063018,2.0175202775843033,12,9,210.4,0.4042667748061776,91119715.43432839,37578944.40577085
(2003 AC1),5.205661022811787,0.6503426879850249,23.42514033860667,16,6,"2,046.2",1.102920898640666,483896422.7651959,102522902.4914344
(2000 KE41),5.591783101835544,0.8667102538580824,50.32856642994354,11,6,"1,893.7",0.39927318585404203,519788712.32678837,37114761.31353542
(1999 VX15),4.804128019619092,0.6042009608181751,12.372541057420982,11,6,"1,892.9",1.1853061435033259,446571598.30665636,110181089.43502887
(2002 KG4),4.8762746127266885,0.6633842496723436,27.63804733086585,16,7,"1,833.3",0.9868019598538512,453278043.11097157,91728972.79681894
(2000 WL107),4.812601997513788,0.6479799308358349,4.880591808579621,16,7,"1,822.8",1.028005533517122,447359303.76267165,95559084.24922188
(2001 UZ4),4.503861649660206,0.5532887399808131,24.03028713382053,8,8,"1,803.4",1.295268330147463,418660095.4901871,120402713.2640418
(2002 XE84),4.840375787599371,0.67233162886428,29.10475629610539,7,9,"1,798.6",0.9483992424903068,449941038.8411086,88159217.20281282
(1998 QH28),4.512340054985012,0.5877303969402687,13.52954788222486,11,9,"1,750.0",1.171672877790966,419448212.5015423,108913798.21496879
(1997 UZ10),4.539983851300455,0.6113370739495506,12.676382831730301,13,8,"1,727.4",1.0950678392468172,422017863.90413547,101792915.01591615
(1999 RU2),4.380689854451741,0.5598443309708224,5.4499861324146535,12,6,"1,719.1",1.2361396809997471,407210561.8333163,114906361.94955234
(1995 DV1),4.58122325569529,0.6518370137542245,3.500205176129294,12,9,"1,687.0",0.9655991215116256,425851306.0311161,89758045.84223789
(2002 XU66),4.232325469399553,0.5391520841521621,24.4551331180604,18,0,"1,665.5",1.2672291398915991,393419230.6502242,117796307.698526
(2001 UC5),4.463473026817568,0.6272210772330418,30.451150357668553,12,9,"1,659.3",1.022533870791384,414905738.4492039,95050461.42342517
(1994 US),4.296351145061369,0.5700163716259932,8.493338420519143,12,8,"1,653.5",1.176650567158787,399370789.0175692,109376503.34850895
(2003 GS22),4.315373500413932,0.5775108292180334,2.4118717115010684,8,8,"1,652.6",1.155743934073725,401139027.415601,107433110.39272605
(2001 UQ16),4.225293686946377,0.5506528671975621,30.80574155972669,9,9,"1,642.9",1.224402729741124,392765585.6357209,113815344.17038286
(1998 QA105),4.1386592164850065,0.5334539879601008,8.321368284426498,12,6,"1,619.5",1.259167192366709,384712408.4963131,117046902.85815705
(1999 BL33),4.1216525927337795,0.5329537395980238,10.013436788141119,11,8,"1,610.3",1.25574724167293,383131544.05652916,116728998.5805829
(1998 WA2),4.286750978889741,0.5964216847648524,22.293679492215762,12,9,"1,607.2",1.083698470399925,398478397.82113034,100736066.15656851
(2002 RA126),4.329125332070297,0.613234047011065,3.146371742738433,12,9,"1,605.7",1.0378892559135429,402417340.02870125,96477833.64344366
(1999 EO3),4.280159471834425,0.603351276144181,23.75848891918933,11,8,"1,593.1",1.058857043782247,397865678.9616576,98426911.29150862
385580 (2004 XO14),4.150993610046879,0.5550438432071698,25.932024572722376,109,0,"1,593.0",1.187754397836607,385858962.0070802,110408668.8929887
(1998 KO3),4.724412937365497,0.77562632969559,54.80881592437147,11,9,"1,585.2",0.5969915252225764,439161618.48393786,55493829.16221965
(2001 GL2),4.368985949960332,0.6423976595906526,35.09865047228798,11,9,"1,584.7",0.95126755192209,406122615.94307107,88425843.22155306
305090 (2007 VQ4),3.993254373901149,0.5156059622942213,26.62452842157099,129,0,"1,562.1",1.2762608869868879,371196183.97252333,118635861.04085438
(2000 EC14),4.041028313563887,0.5353374178820814,11.44746201474797,12,8,"1,559.7",1.2229980385565171,375637049.1004859,113684769.96734843
452421 (2002 VX99),3.9795370445731932,0.5121616086785697,24.497841561683828,33,0,"1,559.4",1.283838274220656,369921078.55121326,119340223.18818961
(1994 TA2),4.016572165743225,0.5264240657065427,7.016850002079619,12,7,"1,559.1",1.2461490609219958,373363708.1370279,115836791.94052738
(2001 UO27),3.993026419864061,0.5197533322392897,40.36316043919571,11,7,"1,555.6",1.261808473612385,371174994.32098466,117292425.28858396
(1998 US18),4.410747993107456,0.680679806144761,9.662824458649293,12,8,"1,552.9",0.8380185797772157,410004640.3771829,77898693.59298584
(2002 SQ41),4.690511497522245,0.8001200976027699,25.12901102506823,17,7,"1,536.3",0.5208202394753314,436010282.77559036,48413265.804560155
(1999 VQ6),3.9173779059783054,0.5084435294583641,27.61829519626948,17,1,"1,528.6",1.276555880041402,364143025.64372957,118663282.35837668
(1997 TC25),4.2089340173033705,0.6236189551183976,0.250869666596131,13,8,"1,524.5",0.9756987489437398,391244859.3373352,90696864.86334686
(1999 UZ5),4.644424364894748,0.7944884448959035,10.355721197041609,12,9,"1,520.8",0.5318969183154835,431726216.1573024,49442907.42805054
(1999 RZ31),4.139866187903261,0.6014985498875763,2.9690631113037904,11,8,"1,518.1",1.030124366498272,384824603.49885243,95756042.07946138
(2002 VQ14),3.912416625679305,0.5135221896360801,7.302480724445489,7,6,"1,518.0",1.257532850410013,363681845.8284282,116894981.2822122
(1998 WR5),3.9056640252856867,0.5141372428607344,28.258772645708426,11,7,"1,513.2",1.2532659775276942,363054152.40764725,116498350.66890489
(1999 JO6),3.8596873133598573,0.4965744861103633,27.864973098448896,19,1,"1,512.8",1.298341704482464,358780350.0348224,120688401.25640401
189058 (2000 UT16),3.8841814813480915,0.5114188802005835,26.23314263037786,129,0,"1,504.8",1.255600126822125,361057225.1936498,116715323.40086447
(1996 KE),3.944020856556562,0.5348125262370662,24.246217157601553,12,6,"1,504.6",1.195396224207308,366619642.62286675,111119021.0323175
(1999 TU16),3.8666864065797872,0.504742125935646,18.81204278714736,11,8,"1,504.6",1.272647888557977,359430956.39526016,118300011.8552188
(2002 RB182),4.229140749774657,0.6522871352656534,0.2282811695944311,9,9,"1,495.7",0.8899946105508341,393123192.4665537,82730167.49239516
153306 (2001 JL1),3.888848924119862,0.5227955371259507,26.98032572040052,107,0,"1,490.6",1.2186639747680401,361491091.1044004,113281893.56911777
453100 (2007 WU4),3.848597864409401,0.5073444275910929,29.22052374987857,31,0,"1,490.2",1.2578632654597641,357749521.35541975,116925695.27989697
(2000 WT28),4.1069479787652865,0.6105237338400407,5.6534300241150275,11,7,"1,487.4",0.9931916745298744,381764664.7944497,92322933.88277298
(2002 YR5),3.998363952199198,0.5684298763077473,22.85505547435465,10,9,"1,486.7",1.1001922696597948,371671148.9480432,102269260.58176894
(2002 BM),4.0996993387967064,0.6082566080652131,11.885335198506189,8,9,"1,486.6",0.998615592088338,381090861.6145388,92827118.5180023
(2001 UO),4.26567680242711,0.6737435782516062,10.082947212098052,7,8,"1,486.1",0.8314920325781172,396519430.7354322,77292013.12938812
(2000 XF44),3.9771346361193185,0.5645347976795542,13.28391184438654,12,7,"1,480.4",1.106976809683001,369697760.73398376,102899922.97660223
(2002 GK1),4.121942385452078,0.6251016584966804,13.67246202586736,12,8,"1,475.5",0.9509001212316328,383158481.97260046,88391688.40510473
(1999 XN141),4.098521469140842,0.6205340758040325,7.375696079826124,11,9,"1,469.1",0.9597139982094498,380981371.7898155,89210989.45478284
397237 (2006 KZ112),4.7642866050180475,0.8868673561107936,37.783555240813996,48,0,"1,465.5",0.2856567199204723,442868107.449517,26553451.003172193
(2002 TZ59),4.635721913629314,0.8366256239216363,16.34787156890106,8,9,"1,464.7",0.4123639382177658,430917272.77466977,38331622.76731664
(2000 WH10),4.188319607880061,0.6613388252423401,13.2646792156845,12,9,"1,462.1",0.8537820323667553,389328630.2679348,79363998.05385655
(2000 RK12),4.252650061979085,0.6881548280236616,31.962043946594356,12,9,"1,460.4",0.7855727258652049,395308519.5609499,73023546.90447168
(2003 FB5),4.503069991500702,0.7887179473307819,5.351603597751058,10,8,"1,459.0",0.5318993262952281,418586506.2668861,49443131.263751596
(1998 HT31),4.251847689997609,0.6928744887258212,6.7911592343732154,13,8,"1,453.9",0.7713808107731179,395233934.42567855,71704325.98033649
(2002 LX),4.191198380483775,0.669629893102663,3.2396174399896767,17,7,"1,452.7",0.8293135279312053,389596228.8992685,77089508.47128639
(2002 MX),4.507418825240835,0.7965403555065996,1.962531306397874,12,8,"1,451.6",0.5104688180008945,418990755.6178964,47451041.06498054
(2002 TA58),4.080919532190508,0.6269643150315808,1.6910010847344852,8,8,"1,451.0",0.9356865414482908,379345169.53102833,86977497.81483157
(2001 YN2),4.300696657471561,0.7152837530564765,1.628729702931391,13,8,"1,450.1",0.7138633531483944,399774729.6316736,66357744.274538256
(1995 SA4),3.9459027401692053,0.5780812461633987,2.820929843414226,8,7,"1,444.2",1.054983937576202,366794574.63327384,98066883.57747152
(2001 XO88),4.012721680476027,0.6049287573018567,7.166460661796472,11,7,"1,444.0",0.987776518860942,373005783.1706226,91819563.71605825
(2002 TD58),3.903890963169105,0.5622176917312353,14.621380233976689,11,7,"1,442.9",1.093992473732507,362889335.98725516,101692953.54641989
(2002 PR1),3.9623350695490878,0.5873591091295379,6.584502128174102,23,6,"1,440.5",1.0300262011427321,368322055.0761571,95746917.03959092
(1999 TM13),3.9150708563420182,0.5697106771341509,2.953775019615814,12,9,"1,438.7",1.0731998019041669,363928571.98236954,99760153.95125341
(1998 DX11),4.000026175956884,0.6045912153686241,6.524313232494579,13,8,"1,437.6",0.9856999549666916,371825662.2993073,91626535.0429142
(2001 RO3),3.977766854729187,0.5975078765529352,8.679191851991094,14,7,"1,435.1",1.002198393783162,369756529.1252371,93160160.74184383
(2000 GB2),3.972079332654018,0.5998651007872652,7.175249923803902,11,9,"1,428.9",0.9934384859413481,369227840.91935664,92345876.4367707
(2000 SE8),3.9625185382596464,0.5971274543174758,0.6506468265532352,13,7,"1,427.4",0.9995382187610488,368339109.5582564,92912882.02517575
(2002 XO40),3.955052544383237,0.5950257144473667,49.21635659707262,10,7,"1,426.2",1.004181038573205,367645102.0703793,93344459.08883794
(1994 RB),4.058036874987604,0.6378517847508073,26.592173467585003,12,8,"1,424.5",0.8972794885196326,377218093.6581804,83407339.20487031
(1999 RK33),3.9312382438662143,0.5896873929427354,2.9597742340700353,12,8,"1,420.4",1.014687931705875,365431424.54117703,94321135.82191668
(2000 DO8),3.9969586733576232,0.616360404813786,0.2858771496931585,12,7,"1,420.3",0.9486693703064332,371540520.1188809,88184327.15202774
(2002 VU17),3.9937741770988953,0.6161595566721977,1.4970095666533518,16,8,"1,418.9",0.9485276650810897,371244502.6983929,88171154.82841113
(2003 AJ69),3.9948221345450867,0.6177821480199388,1.4647131988138682,9,8,"1,417.3",0.9438182620429109,371341916.42879146,87733388.46722318
(2000 GT127),3.643356142299988,0.4787394003556109,14.6391931511905,12,9,"1,412.6",1.284295263246959,338671111.3906332,119382702.97204453
(2001 WH1),4.429343217482863,0.7999790989448126,15.565576255533859,6,8,"1,410.0",0.4922063939314492,411733174.4704219,45753442.69284291
(2002 PX39),3.9190510323966747,0.593663648327702,1.8011445942008668,16,7,"1,408.6",0.9992402726840416,364298552.4606189,92885186.20706372
(1998 BT13),3.926911208758061,0.5974999452373421,1.416100101508182,13,7,"1,407.7",0.9894097219129394,365029201.49959993,91971379.42419745
(2002 UV36),3.9253138900030295,0.5987636765533642,2.8680413287255915,9,7,"1,405.2",0.9851227774915351,364880721.4452536,91572883.04477121
(2001 FB90),4.360964531953966,0.7812157977276931,1.916195633924237,25,9,"1,399.3",0.5356510690498796,405376978.55681497,49791877.54019095
(1999 VN11),3.7779114732790733,0.5464677379373576,31.06900714741088,11,9,"1,394.6",1.1079472880785521,351178810.80468327,102990134.57930171
(1995 BK2),3.778690206917434,0.549578098300351,24.71453769621841,12,8,"1,390.9",1.098366601077047,351251198.61868775,102099554.08484662
(2001 HL31),4.333063563082812,0.778728816205939,12.85937082268816,17,9,"1,388.8",0.5390265763520632,402783421.4716972,50105650.54642142
(2003 AA83),4.327917967798661,0.7772618215368301,6.7648593908252375,8,9,"1,388.0",0.5424032368241142,402305108.5081587,50419530.74648784
(1999 RB32),3.821442179358052,0.5705794307860439,3.8105206034337216,27,6,"1,386.3",1.044841059109545,355225242.7294196,97124044.12153123
(2001 SD270),3.7679390938427235,0.5551458886295237,24.582973946232627,12,9,"1,377.5",1.077830195575171,350251820.22374445,100190575.93293352
(2002 RC117),3.934833777734025,0.624637297479688,2.472258808750884,10,8,"1,376.7",0.9091197420308632,365765650.2944369,84507959.52832404
(2001 VD2),3.840518741540706,0.5857651036166124,6.0599580556520705,7,8,"1,376.7",1.0032235413254469,356998519.9671022,93255454.15921088
(2002 XW4),3.633570539335714,0.5009810465514623,6.9650928317842045,11,8,"1,375.7",1.208023626938303,337761482.7674358,112292811.44693875
(2001 VM5),3.831087463403337,0.5862116022744094,5.8515462508653355,8,9,"1,371.0",0.9993997905167378,356121827.8942267,92900014.31597644
(1993 BU3),3.6418116358276276,0.5128388511826294,5.288552843313498,13,7,"1,364.2",1.172728436276839,338527540.5446565,109011918.50614701
(1996 MQ),3.785690422549861,0.5731855305089012,3.4996807654272835,9,8,"1,363.5",1.0270800347594542,351901909.3138853,95473053.76507267
(2001 TY1),3.832340731222878,0.5941149998539558,5.859606316196701,12,6,"1,361.5",0.9757700155851958,356238326.4161214,90703489.51153505
(2001 QP142),3.76295474285443,0.5673182259827194,9.776609130172172,12,8,"1,358.8",1.038820264253691,349788495.85389555,96564376.27528004
(2001 VB),4.551882832261368,0.9003508047994189,9.529788041459812,14,9,"1,354.0",0.238688277836188,423123943.28508353,22187461.55287118
(2002 EU11),4.042781995437188,0.6882158750899368,2.942250945254173,15,8,"1,353.6",0.7466315565729371,375800064.0147188,69403739.07675335
(1999 TA5),3.5693581395197564,0.4915483645516138,4.222444585646699,11,6,"1,352.2",1.2167530243549323,331792567.3056052,113104259.6308086
(2001 KD68),3.5910098174187213,0.5060920950354654,2.044488288108224,13,8,"1,344.8",1.177635910496291,333805216.50351894,109468096.73388773
(1999 RO36),3.541477959539782,0.4858317299169548,3.300444170009424,13,6,"1,344.1",1.225519390473359,329200942.6686494,113919144.27019785
(2001 DZ76),3.83624139865816,0.6119836143084578,5.8350356329362,11,8,"1,341.0",0.9234116953392136,356600916.10647166,85836479.58561015
(2002 CA26),3.957577645734089,0.6640814425987692,0.5026208072131769,8,9,"1,339.6",0.7988934552879903,367879824.90489393,74261786.06143224
21277 (1996 TO5),3.614102573791417,0.5204050681261931,20.950471547692853,98,0,"1,338.6",1.140028610795568,335951822.3143022,105972279.83084838
(2002 AE29),3.812540462491569,0.6097957970105109,3.5678206207706813,8,9,"1,331.3",0.9241354184763022,354397776.4519797,85903753.85406038
(2000 WH63),3.634696388841828,0.5358719356110481,11.934009371887269,11,6,"1,329.7",1.0983758218900659,337866137.01714456,102100411.2129645
(1997 UA11),3.825672690349013,0.6184544970612726,3.284909366874422,13,8,"1,327.4",0.9018901757006932,355618493.29376173,83835929.3538692
(2001 RW17),3.9068672020643436,0.6597639318171582,8.668147836560525,15,7,"1,319.1",0.8008712023809089,363165994.67639947,74445629.13903637
(2003 EH16),3.590803847678473,0.532142930032803,18.0280015926006,12,7,"1,310.5",1.096492327230736,333786070.42004037,101925329.44641207
(2001 RP3),3.654777890255271,0.5603030992525306,9.294722425583409,14,7,"1,309.4",1.029924578138346,339732829.19228554,95737470.5911807
(2001 QJ),3.433405982753436,0.4662749739208331,6.975264688800277,13,6,"1,308.8",1.249761968442616,319155024.82288283,116172632.67570943
(2000 CO33),3.6536123305315584,0.5648188567833534,18.215678532446923,15,8,"1,303.1",1.016081308056023,339624483.6472429,94450658.24537984
(2002 XM35),4.291740506563465,0.8387478289446383,3.063279767453017,7,9,"1,302.5",0.3763716064789617,398942203.3939524,34985926.51489755
(2003 KF4),3.6614419039292683,0.5711930596451578,8.270168207690705,14,7,"1,299.4",0.999273571425718,340352287.96303046,92888281.51847742
(2002 VY91),3.679918865224903,0.5811099619211073,3.400053843539483,8,8,"1,296.9",0.9749362098182836,342069828.8162187,90625982.4233628
(2001 UF5),3.9534647734056465,0.7024303445343973,0.9208944469633492,13,8,"1,292.6",0.6910304167771755,367497509.5373927,64235290.24173796
(2000 PY5),3.7081957474561853,0.6011028573112386,3.7920337211384867,14,7,"1,287.4",0.9238561291901738,344698329.23119175,85877792.29300562
(1998 QV3),3.5001998232367746,0.5114831682449562,14.24861525615875,11,7,"1,287.2",1.1312772540779499,325363900.1858773,105158790.40242799
(2002 LZ45),3.7782356796262015,0.6372238608740531,6.165243283489574,15,7,"1,280.5",0.8371816373546805,351208947.66740364,77820894.93445803
210012 (2006 KT1),3.399001913004033,0.4730111384218558,9.250499702507168,65,0,"1,280.3",1.2160370698588279,315956966.7458496,113037707.50265247
(2002 GG8),3.621019511000177,0.5726506470147521,12.39537168440173,10,8,"1,276.1",0.9839695472801144,336594791.7963993,91465683.59949696
(2003 MN),3.685344190873968,0.6016578408811051,2.671535586344855,7,8,"1,274.9",0.9165677741017524,342574144.34164655,85200297.36206894
322913 (2002 CM1),3.3615270764021585,0.461606140135784,44.98839592548462,43,0,"1,274.0",1.238244345042296,312473463.0570976,115102002.69466598
(2000 WM10),3.5723767500957715,0.5544044193230636,0.7106161566092148,12,8,"1,272.6",1.0240805240691149,332073164.68854153,95194231.82742812
(2001 WN15),4.1981531440397255,0.8340984283018726,57.269499243835966,10,9,"1,264.9",0.3797398188004947,390242714.5600049,35299021.4103126
(2003 JG4),3.313876013565385,0.4519171012862733,2.1846947972278894,8,8,"1,259.5",1.2509521169519522,308044020.04368764,116283263.89116955
(2001 UD5),3.798534139009608,0.6662338832260295,2.533051046095197,8,8,"1,257.2",0.7608907739626194,353095807.34578687,70729216.14029284
(1998 SS4),3.437905079534947,0.5118255151646387,9.606672660857011,11,7,"1,252.5",1.110113253335374,319573241.99620765,103191473.62827492
(2001 DT8),3.3300398485014044,0.4673425225878713,48.52890919072197,18,7,"1,248.7",1.2088320198451852,309546542.36879325,112367956.26219177
(1991 XA),3.553418865265314,0.5678585855138963,5.2480379864996385,12,9,"1,246.3",0.9794119628423262,330310919.1999373,91042029.65886739
(2002 CC26),3.4956887481676064,0.5424177184235428,5.461215529836509,13,8,"1,246.2",1.037050608250629,324944569.56115353,96399876.47291987
(2001 SR263),3.228188272496553,0.4286216841157187,5.081714532356434,17,6,"1,240.7",1.291116324919972,300078846.8992323,120016760.26631853
(2001 SC170),3.46489761961712,0.5366663468272679,10.908099043545551,13,8,"1,236.7",1.044731457340337,322082355.3498956,97113856.00059596
(1998 OP4),3.458582912024613,0.5350915362375179,13.31364729090936,11,8,"1,235.2",1.047445334996458,321495366.607941,97366126.68896092
(1994 TE2),3.238264525611692,0.4414154948539459,5.681360635966526,12,9,"1,229.9",1.254908382786681,301015493.1418374,116651021.77562346
(2001 NY1),3.4602235539602337,0.5407870388833141,11.75964583326174,9,6,"1,229.3",1.031277823761676,321647873.8035126,95863262.63053603
(2001 PU9),3.3772804816462147,0.5049071879355906,29.14732731345034,11,7,"1,228.0",1.1110766857869718,313937833.558858,103281030.26956622
(1998 FG12),3.541616628587034,0.5784258402780662,8.65668550438971,11,7,"1,227.6",0.9459133372973548,329213832.76188046,87928137.87879775
(1999 VK12),3.9821517416442003,0.7760190836168471,9.514045140881755,12,9,"1,226.3",0.5022051871502624,370164129.8282231,46682888.58825375
(2001 HX7),3.3664723624886967,0.5029349573655411,56.625080596714284,14,9,"1,224.5",1.113391980263309,312933156.1174678,103496250.33668892
(1999 VV25),3.4752815697318815,0.5584869562416208,7.471034596340767,12,8,"1,216.3",0.9845331958824796,323047603.8154961,91518078.01034813
(1979 XB),3.806680928995904,0.7084572219505028,24.734331914828033,12,9,"1,214.8",0.6495979641330815,353853098.7856468,60383903.158904776
(2002 EY11),3.2802764955548067,0.4770836631439444,9.821028645546386,11,6,"1,208.8",1.161281660430483,304920749.72302973,107947874.21667561
(2002 YD12),3.3267635312096364,0.4998640835373172,14.73058922898464,18,6,"1,206.6",1.109323135208448,309241989.6500544,103118027.55994546
(2001 UP16),3.143583843185795,0.4182659876662633,4.3299321389782754,13,5,"1,205.3",1.289412323292847,292214373.87377715,119858363.41947457
(2002 TZ68),3.4019429531252885,0.5369020000978839,3.043079701206036,7,9,"1,202.9",1.025070549243271,316230353.50454324,95286260.41671242
(1999 LV7),3.246786963246041,0.4699185124790929,30.46262863941318,11,7,"1,199.1",1.17085515185348,301807703.2120723,108837785.84032167
(2000 RD52),3.1830942136074563,0.4445576775659503,4.930501689186284,11,6,"1,194.7",1.223921529745767,295887092.251979,113770613.83635469
(1996 HN),3.1117298839153884,0.4131042489395973,8.621512804022792,12,5,"1,193.5",1.29237531391478,289253363.3749544,120133790.60467876
277473 (2005 WD1),3.171877150056368,0.4416188782334515,43.07606691083986,65,0,"1,192.1",1.2285607159393401,294844401.0543547,114201853.13406815
(1991 BA),3.660098933938779,0.6730255157297486,1.9375525152008382,11,9,"1,181.9",0.7153261860329255,340227451.1034211,66493723.08622537
(2003 FV3),3.237747418840656,0.4829928091026199,22.14600620983766,15,7,"1,178.3",1.128757123821103,300967425.0644894,104924529.6599696
(2003 EC50),3.4504355275275422,0.582625408254968,5.904895976337508,13,8,"1,175.8",0.9099589278250432,320738019.90485203,84585966.7212741
(2000 RK60),3.242345828400422,0.489299274971798,6.6131794492600084,13,7,"1,173.3",1.1118439343815678,301394873.9372895,103352350.48205599
(1998 EE3),3.4381936533669353,0.5809462159150156,6.22565267424158,13,9,"1,171.4",0.9113453995817916,319600066.609718,84714847.3226839
(2002 XQ90),3.4111768855098714,0.5721232284340854,3.246025325797504,13,7,"1,167.4",0.9284026383008376,317088701.1436567,86300416.71766153
(2003 CO20),3.3415631729175566,0.5415129473841402,20.4976821221403,10,8,"1,165.7",0.9938699852508509,310617702.2923657,92385986.8034233
(2003 AC23),3.4327483173206232,0.5848331019297615,2.06187378560317,14,8,"1,164.4",0.8992514536846142,319093891.00166017,83590644.81869547
(2001 UT16),3.310614526404346,0.5307417637335178,7.020444187102821,7,9,"1,161.7",1.014889101757825,307740845.87172264,94339835.74649486
(2001 YA1),3.183776582394176,0.4729401357224174,27.98554011009342,10,6,"1,160.7",1.1392457933015778,295950522.3934064,105899512.39874709
(2002 RA182),3.064317470052259,0.4188375351936347,7.613645349924973,11,7,"1,159.3",1.25515871244676,284846104.1695444,116674291.3712605
(1999 TT16),3.5959490435631345,0.6654810983526179,2.008740894460459,24,7,"1,158.8",0.7222615288894807,334264346.2570769,67138403.48017167
(1998 HH1),3.2531729190756065,0.50931038013114,15.99822658336936,12,7,"1,155.8",1.057634138108942,302401314.8914195,98313235.10742778
(2003 GP51),3.445733699082212,0.6019877773589212,2.8551720284339046,16,8,"1,152.2",0.8560890086577164,320300957.64605707,79578444.89734258
(2002 EC),3.265668542623328,0.5192545414900588,0.9172323130648572,28,7,"1,151.1",1.033372142712279,303562855.6656778,96057941.73927654
(2003 GG21),3.662913704424835,0.7113486192836519,10.132247539094651,16,7,"1,143.7",0.6178198213462995,340489100.3662407,57429940.24252198
(1999 SJ10),3.6572057688670117,0.7102609997905935,6.708002544827303,11,8,"1,142.2",0.6195751076364044,339958514.6086008,57593104.296613954
(2001 SL264),2.9910049295888514,0.3995822545075904,5.326269794748987,6,7,"1,141.1",1.2831346144869842,278031277.787532,119274813.92960063
(2001 QD34),3.2333438817823215,0.5130627273899705,8.244894461946968,9,8,"1,141.0",1.040562048555189,300558090.7223753,96726285.24112128
(2000 XJ44),3.6396336667459046,0.7059057741303005,10.64367867554473,11,8,"1,138.3",0.6274644601731524,338325085.67044926,58326465.43052886
(2001 MS3),3.273098144257048,0.5354707884580009,4.391425728340604,12,8,"1,136.8",0.9902172751708428,304253480.28325725,92046446.18920182
(2002 SF),2.962382906288755,0.390385435496072,4.949985573466239,7,6,"1,135.9",1.2988569350676298,275370694.5058842,120736294.93137984
(2001 DS8),3.2211172296971897,0.5145818289903669,2.420928155034169,21,6,"1,132.8",1.032356789391517,299421552.4075554,95963558.75167777
(2000 LK10),2.993166155798455,0.4078109268318489,4.681267648238586,11,6,"1,132.3",1.25906132553571,278232176.31454533,117037061.9214181
(1995 LA),3.229752725570281,0.5214277181936986,8.70355409528943,12,7,"1,129.7",1.0159339895433042,300224271.8976415,94436964.1341038
(2002 GM5),3.597507475512068,0.6951465120913581,7.300028194195106,10,9,"1,129.3",0.6469722197252533,334409211.5569701,60139824.96778248
(1999 BO),3.0725738825129962,0.44863054369043603,19.65623274327472,11,7,"1,128.3",1.169465464090188,285613585.6550113,108708606.29242744
(2003 LW1),3.2029083808484753,0.5101063072669366,12.41042052691195,15,8,"1,128.2",1.039055731791056,297728934.16331065,96586264.3503024
(1995 SC1),3.125439825838824,0.4750655952612375,6.826340695146482,16,7,"1,126.5",1.112256227651328,290527782.0941137,103390675.53577977
(2001 XH16),3.44467685819219,0.6294153163143491,2.649869044389383,10,9,"1,122.7",0.7834371452822169,320202718.14796597,72825032.28738342
356285 (2010 DE),2.9520677413162364,0.3969871659859251,23.98586477979843,50,1,"1,122.0",1.274267064319306,274411840.01870924,118450523.64523004
(2001 SA170),3.1782470365694535,0.5042381694349332,2.616113833552431,18,8,"1,121.8",1.047476125027173,295436518.99741614,97368988.80112198
(2001 MD1),3.145263470514474,0.4925911348649259,5.859775756281907,28,6,"1,117.3",1.069237603551076,292370504.98803234,99391844.60476601
(2001 PJ),3.156864308134963,0.4982377317986304,5.783929299859484,15,6,"1,117.1",1.057239022910045,293448870.2140882,98276506.85514846
(2003 BS47),3.2069620941997767,0.5222466255285731,4.891937771163366,6,9,"1,116.9",1.0064971973735792,298105750.36033434,93559759.49989925
276274 (2002 SS41),2.9101890036538,0.3826831275030616,63.68286998824724,94,0,"1,115.3",1.2992917454303479,270518968.1517222,120776713.07965699
(2003 BC44),3.274085209695268,0.5563644944238231,7.069443565157683,6,9,"1,114.5",0.9332649597871796,304345233.7478983,86752397.73664543
(1997 GD32),3.36286391273407,0.5991558757163149,5.265477855925226,15,7,"1,113.8",0.8429348637332106,312597729.75752234,78355690.73689876
(2003 BW33),3.201906145575347,0.5283225066278537,25.01526697126382,15,7,"1,107.6",0.9881861048360524,297635770.5744195,91857637.11102235
(2001 VF75),3.2571189222200183,0.5579693674585248,19.405480577213858,10,9,"1,104.1",0.9241172307516832,302768118.7992102,85902063.19943596
(2001 SD286),3.2644707249332483,0.5660830084009373,6.237579887282455,9,9,"1,099.2",0.9044918491086792,303451511.5553305,84077770.0057693
(2002 PE43),3.1167991647916335,0.5037787832274128,7.776409188348001,8,8,"1,089.9",1.0284902880923248,289724582.4710995,95604145.00208913
(2001 HJ31),3.280115157899066,0.5856416276099918,2.8354143068947084,12,9,"1,086.7",0.8571565947896203,304905752.4509969,79677683.22806719
(2000 WS28),3.227719697981899,0.5651150409809977,7.746331379401887,11,9,"1,081.7",0.8968585131619898,300035290.1769551,83368207.10065858
(2000 VZ44),3.580559156270609,0.7377913281739418,5.290905970313169,12,9,"1,080.3",0.5402568453065584,332833766.8599593,50220011.190249465
(1998 QA62),3.5931003841744684,0.7452136532589615,24.872892064776696,25,9,"1,079.0",0.5245620893740472,333999546.82395756,48761092.48258978
(2000 JF5),3.1987744452237785,0.5566957769403895,13.73226566530046,11,9,"1,075.9",0.9109231496535141,297344660.84010226,84675596.73972988
(2001 FE7),3.029294081621933,0.4764899612797246,6.360352035498947,13,9,"1,073.4",1.074078323289428,281590476.8245667,99841817.61582698
(2001 XX103),3.412006156549197,0.6648250542430877,6.201738595513583,10,8,"1,071.7",0.6869304228266638,317165786.7025654,63854171.99425363
(1994 NE),3.2879399546752888,0.6064326023699564,27.590824994541922,21,8,"1,069.5",0.8055277075529538,305633112.752078,74878478.33637482
(1998 KD3),3.085563403953407,0.509698848672226,29.383941116242557,11,7,"1,067.2",1.0020907751130308,286821037.106595,93150156.96148413
(1999 HC1),3.07462033438618,0.5074888675333802,1.286721018997596,11,9,"1,063.9",1.004508076581139,285803815.24092853,93374859.1708744
(1999 DY2),2.9853680424312787,0.4641952761267991,7.62565874906037,12,6,"1,063.4",1.092459677828005,277507296.39129287,101550471.26573211
(2001 SP263),3.1463903906655983,0.5472450275653505,1.523789883073858,9,9,"1,059.2",0.9206970254970044,292475258.76041234,85584135.25894785
(1998 YR11),3.000393082302022,0.4785670832233738,59.715769891113865,11,8,"1,055.9",1.0581215652186942,278903961.1017872,98358544.28790155
(2000 WQ148),3.229651333608083,0.5917060782433784,1.877294391373807,11,8,"1,055.7",0.8284488115799736,300214846.9259444,77009128.06479546
(1999 VU25),2.9925330431923616,0.4787980625219679,5.980943785477264,11,9,"1,051.5",1.054717381370467,278173324.82115114,98042105.63018382
(2001 KO41),2.9103815005715887,0.4386769404006395,5.045842538471395,14,7,"1,050.9",1.135532378830846,270536861.8581128,105554328.95888087
(2003 BC46),2.806369221972636,0.3881800178483368,4.53228982965021,11,5,"1,049.9",1.236866073003698,260868316.53464028,114973884.30467626
(1998 BY7),3.2487083589187433,0.6071199263785638,3.282331715103121,39,6,"1,049.8",0.7941863941060492,301986308.0979193,73824237.38938138
(2001 RX47),2.872973923344431,0.4225953614560216,10.72572845760929,12,7,"1,048.3",1.1660859543764581,267059610.31883433,108394461.23880063
(2002 CS11),2.8345088158214753,0.4043827710285477,9.816814309004263,17,6,"1,047.3",1.202152519386341,263484055.19719422,111747057.90485936
(1994 GV),3.0623452145169403,0.5219745782283891,0.4483576400632131,12,7,"1,042.5",0.9618287215307636,284662771.56411016,89407565.26827466
(2000 PH8),2.921591154443478,0.4523756214414378,3.0111419188973665,11,8,"1,042.1",1.101598317084403,271578864.2830255,102399960.85518757
(1993 UA),3.063417878870683,0.5242244290895908,4.651670846771545,12,7,"1,040.7",0.9562236127703378,284762481.94504535,88886537.85859618
(2002 XS14),3.006643079558422,0.4969265882674883,4.480205534055373,10,6,"1,039.7",1.010445137223469,279484934.64221007,93926743.4357111
(1997 TZ16),3.2026815004362885,0.595231278210401,3.796608719147418,12,8,"1,039.0",0.8126378381228128,297707844.31144136,75539406.26331268
(1994 XM1),3.117570322357115,0.5533825176386291,5.624152834789569,9,9,"1,038.5",0.8963416239370692,289796266.04513353,83320159.24548535
(2001 RQ17),2.9996372732532235,0.4947719312682129,1.332099051445125,9,7,"1,038.3",1.013867677576612,278833704.26151186,94244888.43716201
(2003 DG6),3.2169280891575736,0.6045698752606744,8.918038163545976,13,7,"1,036.9",0.7927796072865712,299032147.46691525,73693468.38491575
435730 (2008 UK90),2.747116073428486,0.3709454771832371,34.65565428966807,21,1,"1,036.1",1.26050657699631,255360392.2782503,117171406.43765071
(2001 XG1),3.2002721574731483,0.597699057600343,3.045813047235767,13,8,"1,035.5",0.8058291696188046,297483881.8913051,74906500.98606817
(1993 HP1),3.028616290031015,0.5138461348260945,8.02344627272389,12,9,"1,033.6",0.9726044686148856,281527472.16007006,90409233.53744918
(2002 GJ1),2.995577965404897,0.5015930070876098,6.976102369780219,7,9,"1,029.2",0.9942887311841094,278456368.023501,92424911.66969164
(1993 HC),3.0010117040643163,0.5087773533207807,9.421126630951822,13,6,"1,024.6",0.9770592783230658,278961465.58709794,90823333.97012079
(1998 KJ17),2.9478588057761685,0.4821924978679397,9.129653713629603,11,8,"1,024.5",1.0298415401863392,274020595.01782215,95729751.73131761
(1998 DV20),3.192506303737014,0.608396777796715,19.69334032851225,12,8,"1,021.4",0.7772931236285567,296762000.6880985,72253909.7946645
