Asteroid Name,Aphelion Distance (AU),Eccentricity,Inclination (Degrees),Orbit ID,Orbit Uncertainty,Orbital Period,Perihelion Distance (AU)
(2002 CB26),3.364497505950558,0.7230224185930485,6.818845543174323,8,9,996.6492646381372,0.5408463475529532
(2002 SN),2.6860675748905916,0.3779969554143688,6.425274761666769,20,5,994.0344621731964,1.2124425986429652
(2000 WJ107),3.033095520558558,0.5581869680518554,5.99329134164235,12,7,991.9692430991768,0.8600130508097767
(1998 VP),2.865972227449308,0.4753906495180857,44.706726729755424,12,9,988.8851453392754,1.019062869371232
(1995 CS),3.4466055527901314,0.7752173940701759,2.6029076435007408,12,9,988.1172591288437,0.4364180862334102
(1994 GK),3.1003270558219618,0.6008315940265806,5.630593694109097,12,8,984.4444658536412,0.7730685810341199
(1997 MS),3.335354271406551,0.7267457879427779,54.97865649754966,12,8,980.5478102721705,0.527813422061806
(2001 VJ5),3.013347515575941,0.5605505765784435,6.074158328858418,8,8,980.0663626129788,0.8485555342858592
431394 (2007 FS35),2.672023689040027,0.3899960612074325,0.3191740553337366,39,0,973.5057669889868,1.1726256068996321
(1996 AP1),2.865815068770662,0.4955199164428823,5.462479052438222,12,8,968.9076125949106,0.9667184030496913
(2000 KP44),3.3503785059367766,0.7524143646724872,28.058281109015216,11,8,965.5705936882404,0.4733501434947595
(2000 WG63),2.8167729369085537,0.474382579850978,9.193228958515649,11,7,964.5192496427018,1.004179610147797
(1999 FQ10),2.826476663844198,0.479981384403361,1.072660694381636,11,9,964.0113650376976,0.993134438877425
(2002 TG66),2.923674795125256,0.5414560037478949,4.723435857209085,7,9,954.1031332289152,0.8697189676764527
(2001 SX269),2.530633696650399,0.3463868048707804,4.023607621226098,10,7,941.2122840716333,1.228514398823215
(2003 LW2),2.7793621048456156,0.479440571708345,2.2962636114110104,10,8,940.5239040337456,0.9779528667672294
(1997 XE10),2.762573770070358,0.4770652101187525,6.323820788015232,12,7,934.2642895688292,0.978051560680278
341816 (2007 YK),2.4722811010604597,0.3219254263571161,31.833042279504625,62,0,934.1890367739543,1.268143361268593
452307 Manawydan (1997 XV11),2.460516407871797,0.3177759552910391,44.267210363616584,42,0,931.9131856580047,1.2738306911058541
(2001 WM15),2.970540669540152,0.5936066194228522,5.408267338773854,11,8,929.565492351414,0.7575320346457485
(1996 TC1),3.200513528028043,0.7190250695432581,14.508410130640712,12,9,927.9073445493648,0.5231244627528755
(2002 DO3),2.788894022347753,0.4993323508529411,3.801698425759352,7,6,926.6155335558203,0.9312871913253932
(2002 XB40),2.88399201128217,0.5539132289481108,6.7993352335899875,8,8,923.5264972313797,0.8279166816304044
(1999 FR5),2.738533061575266,0.4783225127650739,3.8585555608342714,11,7,920.9194035111723,0.9663865861044244
(1995 FG),2.539808229657175,0.3733697883152536,1.9649387877359958,12,6,918.5833765866316,1.158843439057367
315020 (2007 BG49),2.43550803635071,0.3209075935706747,7.894189222714339,44,0,914.4798110633976,1.2521201493076821
451297 (2010 TK54),2.7514943974055552,0.49508511701562,30.80651813587574,24,1,911.9110929287808,0.92922500256799
(2002 FS6),2.6651382434628816,0.4525974546029308,7.533109162487572,7,9,907.737172591851,1.004341191486838
(2001 BN61),2.6802589143397593,0.4643269729243437,9.726408393430075,11,9,904.49559743572,0.9804793823633748
(2000 FX13),2.4393460809437184,0.336901356685012,11.53972450854826,11,7,900.2424977651134,1.2099075737796698
(2001 FC90),2.5087908431514867,0.37750229482012504,12.63769110031826,15,7,897.7524812818042,1.13373062862448
(2002 AN129),2.77370536548643,0.5250765464955554,0.2884704655329451,7,9,895.8833253673814,0.8637584350815812
(2001 UD18),2.627518983055126,0.4459690453141558,2.7882030673904628,7,8,894.7026560543605,1.006748280922524
(1999 LD6),2.7037023156005566,0.4890562232472988,11.302425320472901,11,9,893.6554172580015,0.927728483841504
(2002 VR85),2.911573990634112,0.6036468204306454,6.016667753747847,15,7,893.5669190425658,0.7196170590912059
(2001 TE45),2.6518354481580566,0.4639442227086913,14.63385612113709,10,9,890.4950080882709,0.9710286022925084
(1999 AM10),2.724951330670533,0.5133509654373748,6.801505204041806,11,9,882.5250968734388,0.8762639761608106
(2001 UN16),2.6119610520551833,0.4512766247871774,1.6473424314482041,10,8,881.907775227623,0.9875747048694686
(2003 HW10),2.7536971265560037,0.5319342177005272,3.910475957288944,9,7,880.2631240143888,0.8413621060647994
(2000 EC104),2.440184752402702,0.3703699408938247,31.742644140380467,12,8,867.9121233354556,1.121167083454249
(2001 GS2),2.459345237699376,0.3819041866173484,18.68072541356818,18,7,867.1830400548157,1.100011860305238
(2003 GF21),2.627028483849166,0.4882822107080542,21.82681770307006,8,8,856.5794741198331,0.9032542339686463
(2001 QL163),2.538921437656768,0.4425397805650046,8.166026578668154,8,8,852.8656500775592,0.98114985862643
(2001 VG16),2.520931876199595,0.4329775029974463,11.68018211859446,9,8,852.2775193873999,0.9975209549528944
454266 (2014 FM7),2.270947625368039,0.2910762428552814,19.04449550787612,27,0,852.081761805875,1.246966421823661
(2002 AD29),2.589091346749373,0.4740441001113846,31.690865733219628,9,9,850.2639606707874,0.9238175907155658
(2003 JD11),2.708428529325313,0.5447184089180986,8.535351440453825,12,8,848.0091010985878,0.7982669482307062
(1997 VG),2.4504860553381898,0.4013047640621201,30.9280379318637,13,8,844.652131471439,1.046948789933712
(2002 CP4),2.4107768422546534,0.37979001582474703,14.419943497080881,13,6,843.5570245990898,1.083634357428728
(2000 UQ30),2.540982513001458,0.45501500873341394,4.263552211037751,25,7,842.9459560164214,0.9517409266191071
(2001 VE76),2.641539215328053,0.5147869458403604,4.172161133638944,9,9,841.1175406744281,0.8461317374508578
(2001 FB58),2.3613765064815144,0.3584033070585183,10.53001358699729,13,7,837.1498210062758,1.115317777478719
(1994 FA),2.4638370161588816,0.4184462783087141,12.94694384587859,12,8,836.174756116916,1.010157105206984
(2002 CU46),2.716893387231874,0.5648993225644346,32.172601386026585,16,9,835.5601480164792,0.755398213967929
(2000 SS43),2.44006481449633,0.4093895969545896,4.093273708887485,12,8,832.0585320780292,1.022519015792789
(2001 UU16),2.4451887118784907,0.41542706673572205,13.298715224860949,7,7,829.3460028832426,1.009865623796493
(1999 KL1),2.458767658791666,0.4288827855843989,9.667572728308947,11,8,824.4793044553188,0.9827569835337778
(1995 UC2),2.28090139509396,0.3260279339378647,27.648437091567,12,9,824.0037415323961,1.1592997299614327
(2003 EP16),2.398312653597111,0.395655675798526,8.493290160797791,11,7,822.7913095349855,1.03851305518656
(2002 YC12),2.4696908941855753,0.4387998298666051,11.472763756230519,10,8,821.4133575188589,0.9632965762321084
(1997 YR10),2.285364215079166,0.3322881721841053,36.690619621157,12,9,820.6052715980452,1.145371361192778
(2003 BV35),2.720422276635902,0.5877264478371342,30.778496948131448,17,8,819.1989591325363,0.706392563340811
(1990 UN),2.612781495037682,0.5280628858670434,3.684232740279844,12,9,816.659884270178,0.8069488304654528
(2001 UB5),2.295195277077524,0.3431845226282699,47.05972118894272,7,9,815.8764000993992,1.122347492975263
(2001 TB),2.598967443417119,0.5232022371658681,4.032112471235475,8,8,814.0729652372546,0.8135373179373067
(2002 DC3),2.3857076282627796,0.4028953339553256,3.370000830554935,8,9,810.0024818358884,1.0154122849904939
(1998 UM1),2.374343974524013,0.4000452876535179,4.84854650467233,11,8,806.6790063743038,1.017466269705192
(2001 YR3),2.3305371541630007,0.3770536397401069,23.45562425046225,9,9,804.1854054456618,1.054279656027263
(1995 NA),2.342698240536675,0.3902395371753264,12.78566454037149,13,9,798.9847699638399,1.0275098105111948
(2002 XF40),2.397931785039219,0.4263901000141216,10.11138842705195,6,9,796.1523650674446,0.964306616665166
(2001 CA21),2.953992923854813,0.7753789280052502,4.95654724000439,12,9,783.927701769413,0.3737394010678554
(1998 UR),2.279001720517653,0.3795005324777705,17.39456326472516,14,9,775.5907087403651,1.025095185373722
(2002 CY9),2.486580179969097,0.5081871534167793,41.96799052037302,9,7,773.2488318068354,0.8108622817781476
(1994 VH8),2.3825061489780683,0.4476581539899516,3.4039222105145566,11,9,771.1705584662033,0.9090252701094322
(1999 LE6),2.18580451101659,0.3302728205749209,27.14235360478683,12,7,769.3152241846468,1.100445462987875
(1998 BR26),2.442028495815412,0.4889756094791248,12.246586351473892,13,7,767.1727041453257,0.8381172369540927
(2001 BB40),2.274186575710551,0.3866482196613914,16.73597714121066,11,8,767.1638265157652,1.005933852044211
(1993 BD3),2.2499747425959513,0.3754149624309116,0.8896105188295931,12,8,764.2127418550201,1.021728421981146
(2001 OF25),2.19881119173118,0.3507918714116025,20.37532899234105,12,7,758.5735179732173,1.0567772349794151
(1998 WY1),2.190292885714293,0.3568551955404495,24.65696003748272,11,8,749.1201220061138,1.038191469746905
(1996 VZ4),2.189423593389609,0.3625339507812559,24.282140641699357,13,9,743.998600584397,1.024329123941548
(1997 VG6),2.5107027114553184,0.5630234561122184,18.483784556137373,12,9,743.6064035873769,0.7019204921660872
(2003 GD),2.191628325857088,0.3669599268782961,31.34990360669412,15,8,741.5067509951692,1.014944570339033
162038 (1996 DH),2.0257783962053706,0.2765906966720856,17.23118191295469,184,1,730.144498367798,1.1479536409876392
(1999 TM12),2.3216777800870743,0.4630771993033642,28.587449187634764,11,9,730.1304833107203,0.8520136439779411
(1999 TO13),2.272826787823756,0.4358096615893589,20.24694982703312,23,8,727.4491301217023,0.8930897659175904
(2002 XV90),2.178127029746108,0.377270938199526,9.975201449251136,9,8,726.4306473033314,0.9848338217963232
(1999 TV16),2.2251966804316132,0.40992456880646994,1.104371330131835,11,7,724.1978218542993,0.9312795306543282
(2002 VZ91),2.183017111791774,0.3846317219661288,3.4861802837011737,8,8,723.0739593305783,0.9701926221177828
(2000 SB45),2.187049479288497,0.3984982570663541,3.667304676140447,11,8,714.3210452972265,0.9406619329177592
(2003 GR22),2.520033561568253,0.6139034812794636,6.223638465870974,8,9,712.6750852506,0.6028713590784656
(2002 CV11),2.15571441445207,0.3924685958635735,17.02773821661109,11,9,703.5697381172363,0.9405341054151244
(2001 QF96),2.105537500596831,0.3629198231973139,6.650770897593273,16,7,701.3542543457227,0.9842077136996172
(1999 FR19),2.2800708383796318,0.4766341869081271,20.81482032259572,11,9,700.8281836614943,0.8081291485836836
(2000 JX8),2.043394902211305,0.3317748474242678,5.9829563066978535,11,8,694.1937075818488,1.025284321102385
(2003 BN1),2.264856898835271,0.4842940077669821,60.90693259224879,11,9,688.4615276617254,0.7869062787882669
(2002 EW11),2.1681215923734016,0.4283007126427527,3.7977459099131035,12,8,683.1159086469722,0.8678239521216018
(1998 LE),2.568294538755357,0.6981101279422018,9.10960527549262,11,9,679.3864658132603,0.4565911815455508
(2001 ND13),2.16254119381497,0.43511012074333705,8.424566466867361,10,8,675.6428256977841,0.8512222276217755
(2003 AS42),2.018081801756884,0.3421286557102058,10.01519535217826,8,8,673.4654995325689,0.9892033689616984
(1999 CQ2),2.075864651937761,0.3810155416680117,3.697283683836495,11,8,673.1302817795512,0.9304225176193608
(2002 RO28),2.0000821556829207,0.3313357060949623,6.187272522093209,9,7,672.5720414185263,1.0045426681333158
(2002 MR3),2.429847819395685,0.6185185714617487,9.748576471818252,17,9,671.8781356175936,0.5727100285518889
(2001 YD1),2.179648645409893,0.4645463611123201,7.035611686036747,9,8,663.1678727785095,0.7969025970573703
(1999 RP28),1.8318147191088059,0.2406304616600653,9.238991138591508,11,8,655.325523167768,1.1212237169419872
(2001 PG14),1.9678057860832,0.3354640226132667,10.7370683654639,14,7,653.316290906583,0.9791935381405288
(2001 WH49),1.937576374990003,0.3205286594159952,4.773494909080204,7,9,649.1796924726107,0.9969701207246716
(2003 DH6),1.9246254624153942,0.3132305797360327,19.15436148463549,15,7,648.0466753274212,1.006505585115125
(2002 YG4),1.915727236241449,0.3091649313137624,9.731395296611666,11,7,646.5578552732329,1.0109127774335178
(2001 TB2),1.791757776690792,0.2265620447854792,25.69987119167573,16,7,644.8862120664742,1.129835605899427
(1995 HM),1.7808788680713592,0.2198871253362188,3.988617887270081,12,5,644.2738821288888,1.138864821461429
(1997 UR),1.914536151449821,0.3121324458350451,2.264297950713655,22,7,643.7648673601345,1.003669487816121
(1996 FT1),2.035348304824027,0.398751214499961,2.698883026018024,13,8,641.1295905154959,0.8748880313090469
(2001 PJ29),2.015319905328347,0.3916312763024541,6.634188704455752,19,8,636.5435874205745,0.8810218766457192
(2002 VS85),2.251307501051277,0.5621184251920556,24.775672229453267,8,8,631.9456402412645,0.6310699995847437
(2000 LD3),2.5076789934143817,0.7409139926398867,37.189624704773045,11,9,631.4520330021144,0.3731973784410575
(2000 FP10),1.7818246666611668,0.2374181992928285,23.57191878344399,12,7,631.1333483534753,1.098082332733963
(2002 VO69),1.9415303806625617,0.3486917757257289,20.93955127570986,9,8,630.8783866362841,0.9376009606964784
(1991 VA),1.952817704698022,0.3571435574483908,6.60387722952647,12,8,630.4523945338518,0.9250174277467392
(2002 TH68),1.800626522972711,0.2542467252004873,19.938995239104443,19,6,628.2889586637373,1.07062119375525
(2003 JY2),2.2995272708572547,0.6042648700318417,4.9525004469161065,9,8,626.8190158507231,0.5672403232141823
(1993 FA1),1.8387403690231532,0.2890171342100115,20.45750637078046,12,8,622.2874006735209,1.014193576110238
(1991 TU),1.895868145642371,0.3344269129372572,7.733662207388832,9,9,618.5409155569113,0.9456035412097838
(2001 LD),1.9462888696971232,0.3742179206739341,30.07353774606891,15,8,615.6387728794447,0.8862878860224328
(1998 HM1),1.913337429721345,0.3593663175354227,3.24217605299239,11,8,609.9314408032385,0.9017057341997544
(2001 OC36),2.0771390683403492,0.4776138587005849,2.298897121633333,10,8,608.7729610010965,0.7343384446913537
(1991 JR),1.772546440595873,0.2609650565290499,10.1443441689445,15,8,608.7518345776285,1.038866027050152
(2002 LX64),2.243184647085871,0.5965674479206386,5.205089485098764,3,9,608.2961352954302,0.566824601201614
(2001 WV1),2.035132610207865,0.4519814651809326,1.5008241380132032,10,8,606.102238562455,0.7681161350566147
(1995 UB),1.9783275936186102,0.4124597131257796,8.979980709698333,12,7,605.454672921082,0.8229241167619461
(1998 XD12),2.2718742770471643,0.6239587858885607,13.525893247854741,11,8,604.3831719363694,0.5260714550596908
(2002 EG116),1.5066557142309767,0.0780230446319931,12.19738749544848,7,8,603.5001665973647,1.288564150007282
(2001 BM61),1.6489600513758167,0.1911465019195008,24.94435856361458,12,9,594.9299857216417,1.119733889660927
(2002 EA),1.9604690186477411,0.4230415932426637,11.29106430009123,7,8,590.6252519856611,0.7948531419371079
(1998 UY24),1.8059997664796918,0.3222606478282471,16.92971692739247,11,9,583.0413441040528,0.9256851996364279
(2001 SB170),1.991727400357672,0.4638439905084564,34.51785651843191,11,8,579.6970398136962,0.7295016558423112
(2001 UE18),1.6029993839739298,0.1804001909982839,15.356685533107019,8,9,578.0355559101846,1.113027597719875
(2001 FP32),1.809925176246121,0.3328890745014085,29.259529761790056,13,9,577.9607505998954,0.905867474276064
(2002 OY21),2.2608299822831746,0.6689144358273204,13.872242094884811,14,8,575.9027813555582,0.4485120112294259
(2001 SZ169),1.6443517374476,0.2307682835935846,6.3400399500455284,7,8,564.0609895752242,1.027721892279742
163335 (2002 LJ),2.2138863725349838,0.6671307618164383,56.31282891416036,66,0,558.9550955568758,0.4420377136150705
(2001 YO2),2.1848183674824817,0.6882752344705655,48.01586052268147,11,8,537.720457524723,0.4034069679055951
(2000 HP40),1.49860687877683,0.1603395773490326,14.16052296285474,12,8,536.108077885736,1.084441925264861
(2002 XM14),1.529431505421679,0.1907254393040675,62.42003194393143,11,8,531.711467335622,1.039475574140797
(2002 CT118),1.725709256784137,0.3498238891355815,10.38525388121525,8,9,528.000343284347,0.8312306087404985
(2002 AS4),2.2830216032566155,0.8014395030920578,27.03895020931382,7,9,521.1154333983044,0.2516420358364013
(2000 WN148),1.4852938422633668,0.1735935855572961,12.43150047320625,11,7,520.0443794859701,1.045895592549463
(2003 BS35),1.5143542942092931,0.2066516997430353,8.481792101202615,8,8,513.5311276824597,0.9956563319420396
(1999 RJ33),1.4909022292550098,0.1888805465581256,18.524230176964263,11,8,512.9379618486734,1.017175194622862
(2001 FR128),1.746120830836428,0.4042510711779929,45.29624010918102,14,8,506.45716689572055,0.7407860573622024
(2001 KW18),1.438684146900675,0.1578426396635407,7.219200372089201,10,8,505.9088831424374,1.046427555875696
(2002 TX59),1.4028372094383732,0.1461617267983222,13.000739187713098,7,8,494.58448525317255,1.045049814947
(2002 TZ57),1.498720464312574,0.2376214471138522,16.07585725275712,7,8,486.74067815722435,0.9232163368112396
(2002 FB),1.430065259734022,0.1865167039825966,7.036012703990653,8,7,483.30515420897245,0.9804617137741362
(1998 MV5),1.4276386653716842,0.1850053451076242,21.17362819798664,11,8,482.9980922650655,0.981867201020882
(1996 BT),2.203117080343397,0.8322147274751157,11.99181147834666,12,9,481.6041699042312,0.2017506977684005
(2000 BO19),1.6630696299993848,0.3846942530474629,16.86160490362548,11,8,480.7654408437149,0.7390052343098554
(2001 YC1),1.5215536904962879,0.2734857350374121,20.28191416602181,8,9,477.0217953777184,0.8680352128322417
(1991 TT),1.3862300810996622,0.1609747666516189,14.787938578440619,13,8,476.55961266705805,1.001815070127362
(2002 JU15),1.437432045585089,0.21383583993319602,10.731581363877519,12,8,470.6948821003105,0.9309805490936094
(2002 AJ69),1.656565659509762,0.4046713468541918,25.80388995681122,12,9,467.7882650104647,0.7020866518934655
(1992 YD3),1.3241559544486727,0.1365366057199912,27.328437151962515,12,9,459.337594182151,1.00600384468921
(1999 LX1),2.010797075365438,0.7267641884479905,19.80369423949089,16,9,458.98790818589316,0.3181799659904349
(1992 DU),1.3603854582111121,0.1741935581745358,24.991129960385862,13,8,455.4931583138008,0.9567545886582308
(2001 XP31),1.5907764208172381,0.3864965472500512,6.14098986903478,6,9,448.8838244396439,0.7038941630689624
(2003 JX2),1.3880258532749528,0.2438761055891727,9.688565565650654,6,8,430.55543121337683,0.8437492359611289
(2000 PN),1.8002537887823418,0.7623486605488742,22.865913271961826,12,9,377.1041207374926,0.2427628163673591
(2000 EZ106),1.343347705530937,0.4467833370779662,40.23766327817313,11,8,326.7953259277709,0.5136652570928437
(1999 XS35),34.66246337463027,0.946152158658747,19.359851900539372,18,5,27455.05853491203,0.9590713757861772
(2000 DQ110),5.478495828286787,0.6296938680411539,58.27599529285488,47,0,2251.28969078029,1.244847660600221
(1997 EN23),5.3097982015187135,0.6361058224019879,6.9543352397782385,12,8,2135.494050021091,1.180977796971813
(1999 SE10),5.20690009903227,0.6190077103947038,6.882744356260289,11,6,2106.6574290095127,1.225311515034547
(1998 DK36),0.9802476908913854,0.4160165389063018,2.0175202775843033,12,9,210.3776889314703,0.4042667748061776
(2003 AC1),5.205661022811787,0.6503426879850249,23.42514033860667,16,6,2046.2140104502741,1.102920898640666
(2000 KE41),5.591783101835544,0.8667102538580824,50.32856642994354,11,6,1893.68846281999,0.39927318585404203
(1999 VX15),4.804128019619092,0.6042009608181751,12.372541057420982,11,6,1892.919418808479,1.1853061435033259
(2002 KG4),4.8762746127266885,0.6633842496723436,27.63804733086585,16,7,1833.334801749769,0.9868019598538512
(2000 WL107),4.812601997513788,0.6479799308358349,4.880591808579621,16,7,1822.806084305749,1.028005533517122
(2001 UZ4),4.503861649660206,0.5532887399808131,24.03028713382053,8,8,1803.4233891024148,1.295268330147463
(2002 XE84),4.840375787599371,0.67233162886428,29.10475629610539,7,9,1798.5952459556352,0.9483992424903068
(1998 QH28),4.512340054985012,0.5877303969402687,13.52954788222486,11,9,1749.991823273316,1.171672877790966
(1997 UZ10),4.539983851300455,0.6113370739495506,12.676382831730301,13,8,1727.429331869488,1.0950678392468172
(1999 RU2),4.380689854451741,0.5598443309708224,5.4499861324146535,12,6,1719.057086354672,1.2361396809997471
(1995 DV1),4.58122325569529,0.6518370137542245,3.500205176129294,12,9,1687.018409271568,0.9655991215116256
(2002 XU66),4.232325469399553,0.5391520841521621,24.4551331180604,18,0,1665.500286154058,1.2672291398915991
(2001 UC5),4.463473026817568,0.6272210772330418,30.451150357668553,12,9,1659.349838272987,1.022533870791384
(1994 US),4.296351145061369,0.5700163716259932,8.493338420519143,12,8,1653.4528284579928,1.176650567158787
(2003 GS22),4.315373500413932,0.5775108292180334,2.4118717115010684,8,8,1652.599011028306,1.155743934073725
(2001 UQ16),4.225293686946377,0.5506528671975621,30.80574155972669,9,9,1642.9029078267708,1.224402729741124
(1998 QA105),4.1386592164850065,0.5334539879601008,8.321368284426498,12,6,1619.5031759692652,1.259167192366709
(1999 BL33),4.1216525927337795,0.5329537395980238,10.013436788141119,11,8,1610.3190386295,1.25574724167293
(1998 WA2),4.286750978889741,0.5964216847648524,22.293679492215762,12,9,1607.1979985903658,1.083698470399925
(2002 RA126),4.329125332070297,0.613234047011065,3.146371742738433,12,9,1605.656334489639,1.0378892559135429
(1999 EO3),4.280159471834425,0.603351276144181,23.75848891918933,11,8,1593.1084083703008,1.058857043782247
385580 (2004 XO14),4.150993610046879,0.5550438432071698,25.932024572722376,109,0,1592.988229902615,1.187754397836607
(1998 KO3),4.724412937365497,0.77562632969559,54.80881592437147,11,9,1585.232025713093,0.5969915252225764
(2001 GL2),4.368985949960332,0.6423976595906526,35.09865047228798,11,9,1584.717751392295,0.95126755192209
305090 (2007 VQ4),3.993254373901149,0.5156059622942213,26.62452842157099,129,0,1562.102161266296,1.2762608869868879
(2000 EC14),4.041028313563887,0.5353374178820814,11.44746201474797,12,8,1559.6620877590399,1.2229980385565171
452421 (2002 VX99),3.9795370445731932,0.5121616086785697,24.497841561683828,33,0,1559.372757728991,1.283838274220656
(1994 TA2),4.016572165743225,0.5264240657065427,7.016850002079619,12,7,1559.082086336006,1.2461490609219958
(2001 UO27),3.993026419864061,0.5197533322392897,40.36316043919571,11,7,1555.578908173058,1.261808473612385
(1998 US18),4.410747993107456,0.680679806144761,9.662824458649293,12,8,1552.8850959275303,0.8380185797772157
(2002 SQ41),4.690511497522245,0.8001200976027699,25.12901102506823,17,7,1536.301707258922,0.5208202394753314
(1999 VQ6),3.9173779059783054,0.5084435294583641,27.61829519626948,17,1,1528.6147524065289,1.276555880041402
(1997 TC25),4.2089340173033705,0.6236189551183976,0.250869666596131,13,8,1524.510548447483,0.9756987489437398
(1999 UZ5),4.644424364894748,0.7944884448959035,10.355721197041609,12,9,1520.846104528295,0.5318969183154835
(1999 RZ31),4.139866187903261,0.6014985498875763,2.9690631113037904,11,8,1518.056926857779,1.030124366498272
(2002 VQ14),3.912416625679305,0.5135221896360801,7.302480724445489,7,6,1518.038834244686,1.257532850410013
(1998 WR5),3.9056640252856867,0.5141372428607344,28.258772645708426,11,7,1513.1879924031161,1.2532659775276942
(1999 JO6),3.8596873133598573,0.4965744861103633,27.864973098448896,19,1,1512.791602034132,1.298341704482464
189058 (2000 UT16),3.8841814813480915,0.5114188802005835,26.23314263037786,129,0,1504.771067543074,1.255600126822125
(1996 KE),3.944020856556562,0.5348125262370662,24.246217157601553,12,6,1504.610986645593,1.195396224207308
(1999 TU16),3.8666864065797872,0.504742125935646,18.81204278714736,11,8,1504.5746324271038,1.272647888557977
(2002 RB182),4.229140749774657,0.6522871352656534,0.2282811695944311,9,9,1495.7132928182752,0.8899946105508341
153306 (2001 JL1),3.888848924119862,0.5227955371259507,26.98032572040052,107,0,1490.622394245675,1.2186639747680401
453100 (2007 WU4),3.848597864409401,0.5073444275910929,29.22052374987857,31,0,1490.161981388473,1.2578632654597641
(2000 WT28),4.1069479787652865,0.6105237338400407,5.6534300241150275,11,7,1487.3957482183578,0.9931916745298744
(2002 YR5),3.998363952199198,0.5684298763077473,22.85505547435465,10,9,1486.703118251284,1.1001922696597948
(2002 BM),4.0996993387967064,0.6082566080652131,11.885335198506189,8,9,1486.597581374715,0.998615592088338
(2001 UO),4.26567680242711,0.6737435782516062,10.082947212098052,7,8,1486.096331168435,0.8314920325781172
(2000 XF44),3.9771346361193185,0.5645347976795542,13.28391184438654,12,7,1480.389602674222,1.106976809683001
(2002 GK1),4.121942385452078,0.6251016584966804,13.67246202586736,12,8,1475.470403052078,0.9509001212316328
(1999 XN141),4.098521469140842,0.6205340758040325,7.375696079826124,11,9,1469.102159204961,0.9597139982094498
397237 (2006 KZ112),4.7642866050180475,0.8868673561107936,37.783555240813996,48,0,1465.4911142747449,0.2856567199204723
(2002 TZ59),4.635721913629314,0.8366256239216363,16.34787156890106,8,9,1464.68263193901,0.4123639382177658
(2000 WH10),4.188319607880061,0.6613388252423401,13.2646792156845,12,9,1462.078960086963,0.8537820323667553
(2000 RK12),4.252650061979085,0.6881548280236616,31.962043946594356,12,9,1460.3921344186401,0.7855727258652049
(2003 FB5),4.503069991500702,0.7887179473307819,5.351603597751058,10,8,1458.977774097951,0.5318993262952281
(1998 HT31),4.251847689997609,0.6928744887258212,6.7911592343732154,13,8,1453.8775638895731,0.7713808107731179
(2002 LX),4.191198380483775,0.669629893102663,3.2396174399896767,17,7,1452.698324690141,0.8293135279312053
(2002 MX),4.507418825240835,0.7965403555065996,1.962531306397874,12,8,1451.559466500748,0.5104688180008945
(2002 TA58),4.080919532190508,0.6269643150315808,1.6910010847344852,8,8,1451.003409100398,0.9356865414482908
(2001 YN2),4.300696657471561,0.7152837530564765,1.628729702931391,13,8,1450.115794555424,0.7138633531483944
(1995 SA4),3.9459027401692053,0.5780812461633987,2.820929843414226,8,7,1444.188736114725,1.054983937576202
(2001 XO88),4.012721680476027,0.6049287573018567,7.166460661796472,11,7,1444.0204583825598,0.987776518860942
(2002 TD58),3.903890963169105,0.5622176917312353,14.621380233976689,11,7,1442.887988175896,1.093992473732507
(2002 PR1),3.9623350695490878,0.5873591091295379,6.584502128174102,23,6,1440.4972763690303,1.0300262011427321
(1999 TM13),3.9150708563420182,0.5697106771341509,2.953775019615814,12,9,1438.727179447476,1.0731998019041669
(1998 DX11),4.000026175956884,0.6045912153686241,6.524313232494579,13,8,1437.6264732188308,0.9856999549666916
(2001 RO3),3.977766854729187,0.5975078765529352,8.679191851991094,14,7,1435.1354807410708,1.002198393783162
(2000 GB2),3.972079332654018,0.5998651007872652,7.175249923803902,11,9,1428.894782348904,0.9934384859413481
(2000 SE8),3.9625185382596464,0.5971274543174758,0.6506468265532352,13,7,1427.4010919232528,0.9995382187610488
(2002 XO40),3.955052544383237,0.5950257144473667,49.21635659707262,10,7,1426.1830803122598,1.004181038573205
(1994 RB),4.058036874987604,0.6378517847508073,26.592173467585003,12,8,1424.4936351623692,0.8972794885196326
(1999 RK33),3.9312382438662143,0.5896873929427354,2.9597742340700353,12,8,1420.446489717777,1.014687931705875
(2000 DO8),3.9969586733576232,0.616360404813786,0.2858771496931585,12,7,1420.318058552771,0.9486693703064332
(2002 VU17),3.9937741770988953,0.6161595566721977,1.4970095666533518,16,8,1418.885438800673,0.9485276650810897
(2003 AJ69),3.9948221345450867,0.6177821480199388,1.4647131988138682,9,8,1417.3089842394809,0.9438182620429109
(2000 GT127),3.643356142299988,0.4787394003556109,14.6391931511905,12,9,1412.581125746829,1.284295263246959
(2001 WH1),4.429343217482863,0.7999790989448126,15.565576255533859,6,8,1409.958189472782,0.4922063939314492
(2002 PX39),3.9190510323966747,0.593663648327702,1.8011445942008668,16,7,1408.558229418948,0.9992402726840416
(1998 BT13),3.926911208758061,0.5974999452373421,1.416100101508182,13,7,1407.711865632511,0.9894097219129394
(2002 UV36),3.9253138900030295,0.5987636765533642,2.8680413287255915,9,7,1405.18532144454,0.9851227774915351
(2001 FB90),4.360964531953966,0.7812157977276931,1.916195633924237,25,9,1399.2568810204032,0.5356510690498796
(1999 VN11),3.7779114732790733,0.5464677379373576,31.06900714741088,11,9,1394.6486024267952,1.1079472880785521
(1995 BK2),3.778690206917434,0.549578098300351,24.71453769621841,12,8,1390.881577362989,1.098366601077047
(2001 HL31),4.333063563082812,0.778728816205939,12.85937082268816,17,9,1388.757461621864,0.5390265763520632
(2003 AA83),4.327917967798661,0.7772618215368301,6.7648593908252375,8,9,1388.0011953117928,0.5424032368241142
(1999 RB32),3.821442179358052,0.5705794307860439,3.8105206034337216,27,6,1386.275372801007,1.044841059109545
(2001 SD270),3.7679390938427235,0.5551458886295237,24.582973946232627,12,9,1377.518795261431,1.077830195575171
(2002 RC117),3.934833777734025,0.624637297479688,2.472258808750884,10,8,1376.7446078162868,0.9091197420308632
(2001 VD2),3.840518741540706,0.5857651036166124,6.0599580556520705,7,8,1376.654552423654,1.0032235413254469
(2002 XW4),3.633570539335714,0.5009810465514623,6.9650928317842045,11,8,1375.738869955333,1.208023626938303
(2001 VM5),3.831087463403337,0.5862116022744094,5.8515462508653355,8,9,1371.0075427090421,0.9993997905167378
(1993 BU3),3.6418116358276276,0.5128388511826294,5.288552843313498,13,7,1364.22386319554,1.172728436276839
(1996 MQ),3.785690422549861,0.5731855305089012,3.4996807654272835,9,8,1363.4717885897549,1.0270800347594542
(2001 TY1),3.832340731222878,0.5941149998539558,5.859606316196701,12,6,1361.492103773839,0.9757700155851958
(2001 QP142),3.76295474285443,0.5673182259827194,9.776609130172172,12,8,1358.801894129637,1.038820264253691
(2001 VB),4.551882832261368,0.9003508047994189,9.529788041459812,14,9,1354.04896653517,0.238688277836188
(2002 EU11),4.042781995437188,0.6882158750899368,2.942250945254173,15,8,1353.558222652339,0.7466315565729371
(1999 TA5),3.5693581395197564,0.4915483645516138,4.222444585646699,11,6,1352.158509322393,1.2167530243549323
(2001 KD68),3.5910098174187213,0.5060920950354654,2.044488288108224,13,8,1344.763837825544,1.177635910496291
(1999 RO36),3.541477959539782,0.4858317299169548,3.300444170009424,13,6,1344.066631255042,1.225519390473359
(2001 DZ76),3.83624139865816,0.6119836143084578,5.8350356329362,11,8,1340.961731331847,0.9234116953392136
(2002 CA26),3.957577645734089,0.6640814425987692,0.5026208072131769,8,9,1339.617237049047,0.7988934552879903
21277 (1996 TO5),3.614102573791417,0.5204050681261931,20.950471547692853,98,0,1338.628834056353,1.140028610795568
(2002 AE29),3.812540462491569,0.6097957970105109,3.5678206207706813,8,9,1331.263225863524,0.9241354184763022
(2000 WH63),3.634696388841828,0.5358719356110481,11.934009371887269,11,6,1329.744274220731,1.0983758218900659
(1997 UA11),3.825672690349013,0.6184544970612726,3.284909366874422,13,8,1327.4231959922079,0.9018901757006932
(2001 RW17),3.9068672020643436,0.6597639318171582,8.668147836560525,15,7,1319.082373050338,0.8008712023809089
(2003 EH16),3.590803847678473,0.532142930032803,18.0280015926006,12,7,1310.500006467173,1.096492327230736
(2001 RP3),3.654777890255271,0.5603030992525306,9.294722425583409,14,7,1309.412412888556,1.029924578138346
(2001 QJ),3.433405982753436,0.4662749739208331,6.975264688800277,13,6,1308.769100534655,1.249761968442616
(2000 CO33),3.6536123305315584,0.5648188567833534,18.215678532446923,15,8,1303.124820798994,1.016081308056023
(2002 XM35),4.291740506563465,0.8387478289446383,3.063279767453017,7,9,1302.462866018525,0.3763716064789617
(2003 KF4),3.6614419039292683,0.5711930596451578,8.270168207690705,14,7,1299.368458108468,0.999273571425718
(2002 VY91),3.679918865224903,0.5811099619211073,3.400053843539483,8,8,1296.918482842819,0.9749362098182836
(2001 UF5),3.9534647734056465,0.7024303445343973,0.9208944469633492,13,8,1292.591243631516,0.6910304167771755
(2000 PY5),3.7081957474561853,0.6011028573112386,3.7920337211384867,14,7,1287.400149758452,0.9238561291901738
(1998 QV3),3.5001998232367746,0.5114831682449562,14.24861525615875,11,7,1287.160523624725,1.1312772540779499
(2002 LZ45),3.7782356796262015,0.6372238608740531,6.165243283489574,15,7,1280.471439640733,0.8371816373546805
210012 (2006 KT1),3.399001913004033,0.4730111384218558,9.250499702507168,65,0,1280.313999022161,1.2160370698588279
(2002 GG8),3.621019511000177,0.5726506470147521,12.39537168440173,10,8,1276.134169233683,0.9839695472801144
(2003 MN),3.685344190873968,0.6016578408811051,2.671535586344855,7,8,1274.855297186185,0.9165677741017524
322913 (2002 CM1),3.3615270764021585,0.461606140135784,44.98839592548462,43,0,1273.965917100423,1.238244345042296
(2000 WM10),3.5723767500957715,0.5544044193230636,0.7106161566092148,12,8,1272.58932149712,1.0240805240691149
(2001 WN15),4.1981531440397255,0.8340984283018726,57.269499243835966,10,9,1264.887452607777,0.3797398188004947
(2003 JG4),3.313876013565385,0.4519171012862733,2.1846947972278894,8,8,1259.476531104513,1.2509521169519522
(2001 UD5),3.798534139009608,0.6662338832260295,2.533051046095197,8,8,1257.240999560285,0.7608907739626194
(1998 SS4),3.437905079534947,0.5118255151646387,9.606672660857011,11,7,1252.525981532187,1.110113253335374
(2001 DT8),3.3300398485014044,0.4673425225878713,48.52890919072197,18,7,1248.749472126349,1.2088320198451852
(1991 XA),3.553418865265314,0.5678585855138963,5.2480379864996385,12,9,1246.257255324879,0.9794119628423262
(2002 CC26),3.4956887481676064,0.5424177184235428,5.461215529836509,13,8,1246.219531653142,1.037050608250629
(2001 SR263),3.228188272496553,0.4286216841157187,5.081714532356434,17,6,1240.6830627867098,1.291116324919972
(2001 SC170),3.46489761961712,0.5366663468272679,10.908099043545551,13,8,1236.7008703719341,1.044731457340337
(1998 OP4),3.458582912024613,0.5350915362375179,13.31364729090936,11,8,1235.21995241095,1.047445334996458
(1994 TE2),3.238264525611692,0.4414154948539459,5.681360635966526,12,9,1229.937748549955,1.254908382786681
(2001 NY1),3.4602235539602337,0.5407870388833141,11.75964583326174,9,6,1229.251478234258,1.031277823761676
(2001 PU9),3.3772804816462147,0.5049071879355906,29.14732731345034,11,7,1227.960924699583,1.1110766857869718
(1998 FG12),3.541616628587034,0.5784258402780662,8.65668550438971,11,7,1227.621471642059,0.9459133372973548
(1999 VK12),3.9821517416442003,0.7760190836168471,9.514045140881755,12,9,1226.319664241966,0.5022051871502624
(2001 HX7),3.3664723624886967,0.5029349573655411,56.625080596714284,14,9,1224.477270806305,1.113391980263309
(1999 VV25),3.4752815697318815,0.5584869562416208,7.471034596340767,12,8,1216.266275838112,0.9845331958824796
(1979 XB),3.806680928995904,0.7084572219505028,24.734331914828033,12,9,1214.8201249877561,0.6495979641330815
(2002 EY11),3.2802764955548067,0.4770836631439444,9.821028645546386,11,6,1208.8055987055432,1.161281660430483
(2002 YD12),3.3267635312096364,0.4998640835373172,14.73058922898464,18,6,1206.572622238903,1.109323135208448
(2001 UP16),3.143583843185795,0.4182659876662633,4.3299321389782754,13,5,1205.311962778293,1.289412323292847
(2002 TZ68),3.4019429531252885,0.5369020000978839,3.043079701206036,7,9,1202.872796513599,1.025070549243271
(1999 LV7),3.246786963246041,0.4699185124790929,30.46262863941318,11,7,1199.0553406605761,1.17085515185348
(2000 RD52),3.1830942136074563,0.4445576775659503,4.930501689186284,11,6,1194.731560430476,1.223921529745767
(1996 HN),3.1117298839153884,0.4131042489395973,8.621512804022792,12,5,1193.548192841826,1.29237531391478
277473 (2005 WD1),3.171877150056368,0.4416188782334515,43.07606691083986,65,0,1192.057688275644,1.2285607159393401
(1991 BA),3.660098933938779,0.6730255157297486,1.9375525152008382,11,9,1181.908394160956,0.7153261860329255
(2003 FV3),3.237747418840656,0.4829928091026199,22.14600620983766,15,7,1178.295740811365,1.128757123821103
(2003 EC50),3.4504355275275422,0.582625408254968,5.904895976337508,13,8,1175.823407180178,0.9099589278250432
(2000 RK60),3.242345828400422,0.489299274971798,6.6131794492600084,13,7,1173.3145653097529,1.1118439343815678
(1998 EE3),3.4381936533669353,0.5809462159150156,6.22565267424158,13,9,1171.435241530806,0.9113453995817916
(2002 XQ90),3.4111768855098714,0.5721232284340854,3.246025325797504,13,7,1167.414035369512,0.9284026383008376
(2003 CO20),3.3415631729175566,0.5415129473841402,20.4976821221403,10,8,1165.741280330479,0.9938699852508509
(2003 AC23),3.4327483173206232,0.5848331019297615,2.06187378560317,14,8,1164.356765169993,0.8992514536846142
(2001 UT16),3.310614526404346,0.5307417637335178,7.020444187102821,7,9,1161.738693171211,1.014889101757825
(2001 YA1),3.183776582394176,0.4729401357224174,27.98554011009342,10,6,1160.739218720847,1.1392457933015778
(2002 RA182),3.064317470052259,0.4188375351936347,7.613645349924973,11,7,1159.311272860613,1.25515871244676
(1999 TT16),3.5959490435631345,0.6654810983526179,2.008740894460459,24,7,1158.801791461271,0.7222615288894807
(1998 HH1),3.2531729190756065,0.50931038013114,15.99822658336936,12,7,1155.822943512756,1.057634138108942
(2003 GP51),3.445733699082212,0.6019877773589212,2.8551720284339046,16,8,1152.211471950168,0.8560890086577164
(2002 EC),3.265668542623328,0.5192545414900588,0.9172323130648572,28,7,1151.093936417185,1.033372142712279
(2003 GG21),3.662913704424835,0.7113486192836519,10.132247539094651,16,7,1143.748992086209,0.6178198213462995
(1999 SJ10),3.6572057688670117,0.7102609997905935,6.708002544827303,11,8,1142.165223262441,0.6195751076364044
(2001 SL264),2.9910049295888514,0.3995822545075904,5.326269794748987,6,7,1141.107287767549,1.2831346144869842
(2001 QD34),3.2333438817823215,0.5130627273899705,8.244894461946968,9,8,1141.0137339561031,1.040562048555189
(2000 XJ44),3.6396336667459046,0.7059057741303005,10.64367867554473,11,8,1138.288579301882,0.6274644601731524
(2001 MS3),3.273098144257048,0.5354707884580009,4.391425728340604,12,8,1136.7753055699009,0.9902172751708428
(2002 SF),2.962382906288755,0.390385435496072,4.949985573466239,7,6,1135.945254846368,1.2988569350676298
(2001 DS8),3.2211172296971897,0.5145818289903669,2.420928155034169,21,6,1132.841394623025,1.032356789391517
(2000 LK10),2.993166155798455,0.4078109268318489,4.681267648238586,11,6,1132.343439505858,1.25906132553571
(1995 LA),3.229752725570281,0.5214277181936986,8.70355409528943,12,7,1129.7317924702209,1.0159339895433042
(2002 GM5),3.597507475512068,0.6951465120913581,7.300028194195106,10,9,1129.250064107148,0.6469722197252533
(1999 BO),3.0725738825129962,0.44863054369043603,19.65623274327472,11,7,1128.27631659017,1.169465464090188
(2003 LW1),3.2029083808484753,0.5101063072669366,12.41042052691195,15,8,1128.246301195654,1.039055731791056
(1995 SC1),3.125439825838824,0.4750655952612375,6.826340695146482,16,7,1126.543949281646,1.112256227651328
(2001 XH16),3.44467685819219,0.6294153163143491,2.649869044389383,10,9,1122.725189280824,0.7834371452822169
356285 (2010 DE),2.9520677413162364,0.3969871659859251,23.98586477979843,50,1,1122.0165967248308,1.274267064319306
(2001 SA170),3.1782470365694535,0.5042381694349332,2.616113833552431,18,8,1121.773034644164,1.047476125027173
(2001 MD1),3.145263470514474,0.4925911348649259,5.859775756281907,28,6,1117.307429628981,1.069237603551076
(2001 PJ),3.156864308134963,0.4982377317986304,5.783929299859484,15,6,1117.149264733938,1.057239022910045
(2003 BS47),3.2069620941997767,0.5222466255285731,4.891937771163366,6,9,1116.893174407514,1.0064971973735792
276274 (2002 SS41),2.9101890036538,0.3826831275030616,63.68286998824724,94,0,1115.311614869463,1.2992917454303479
(2003 BC44),3.274085209695268,0.5563644944238231,7.069443565157683,6,9,1114.464969066807,0.9332649597871796
(1997 GD32),3.36286391273407,0.5991558757163149,5.265477855925226,15,7,1113.8486142212062,0.8429348637332106
(2003 BW33),3.201906145575347,0.5283225066278537,25.01526697126382,15,7,1107.614953419072,0.9881861048360524
(2001 VF75),3.2571189222200183,0.5579693674585248,19.405480577213858,10,9,1104.105259442794,0.9241172307516832
(2001 SD286),3.2644707249332483,0.5660830084009373,6.237579887282455,9,9,1099.247351495831,0.9044918491086792
(2002 PE43),3.1167991647916335,0.5037787832274128,7.776409188348001,8,8,1089.897673344497,1.0284902880923248
(2001 HJ31),3.280115157899066,0.5856416276099918,2.8354143068947084,12,9,1086.7371295156802,0.8571565947896203
(2000 WS28),3.227719697981899,0.5651150409809977,7.746331379401887,11,9,1081.739648965192,0.8968585131619898
(2000 VZ44),3.580559156270609,0.7377913281739418,5.290905970313169,12,9,1080.2599329089169,0.5402568453065584
(1998 QA62),3.5931003841744684,0.7452136532589615,24.872892064776696,25,9,1079.0201378733839,0.5245620893740472
(2000 JF5),3.1987744452237785,0.5566957769403895,13.73226566530046,11,9,1075.890896277826,0.9109231496535141
(2001 FE7),3.029294081621933,0.4764899612797246,6.360352035498947,13,9,1073.408014624731,1.074078323289428
(2001 XX103),3.412006156549197,0.6648250542430877,6.201738595513583,10,8,1071.6679226317149,0.6869304228266638
(1994 NE),3.2879399546752888,0.6064326023699564,27.590824994541922,21,8,1069.523863704026,0.8055277075529538
(1998 KD3),3.085563403953407,0.509698848672226,29.383941116242557,11,7,1067.246289503247,1.0020907751130308
(1999 HC1),3.07462033438618,0.5074888675333802,1.286721018997596,11,9,1063.909039918612,1.004508076581139
(1999 DY2),2.9853680424312787,0.4641952761267991,7.62565874906037,12,6,1063.40021567559,1.092459677828005
(2001 SP263),3.1463903906655983,0.5472450275653505,1.523789883073858,9,9,1059.201760479707,0.9206970254970044
(1998 YR11),3.000393082302022,0.4785670832233738,59.715769891113865,11,8,1055.8545844505,1.0581215652186942
(2000 WQ148),3.229651333608083,0.5917060782433784,1.877294391373807,11,8,1055.692834505712,0.8284488115799736
(1999 VU25),2.9925330431923616,0.4787980625219679,5.980943785477264,11,9,1051.461921268407,1.054717381370467
(2001 KO41),2.9103815005715887,0.4386769404006395,5.045842538471395,14,7,1050.941119427785,1.135532378830846
(2003 BC46),2.806369221972636,0.3881800178483368,4.53228982965021,11,5,1049.897633842121,1.236866073003698
(1998 BY7),3.2487083589187433,0.6071199263785638,3.282331715103121,39,6,1049.764995014072,0.7941863941060492
(2001 RX47),2.872973923344431,0.4225953614560216,10.72572845760929,12,7,1048.271722258922,1.1660859543764581
(2002 CS11),2.8345088158214753,0.4043827710285477,9.816814309004263,17,6,1047.3381073625148,1.202152519386341
(1994 GV),3.0623452145169403,0.5219745782283891,0.4483576400632131,12,7,1042.481962110677,0.9618287215307636
(2000 PH8),2.921591154443478,0.4523756214414378,3.0111419188973665,11,8,1042.0994399766,1.101598317084403
(1993 UA),3.063417878870683,0.5242244290895908,4.651670846771545,12,7,1040.721230249102,0.9562236127703378
(2002 XS14),3.006643079558422,0.4969265882674883,4.480205534055373,10,6,1039.729789093434,1.010445137223469
(1997 TZ16),3.2026815004362885,0.595231278210401,3.796608719147418,12,8,1039.0431152622689,0.8126378381228128
(1994 XM1),3.117570322357115,0.5533825176386291,5.624152834789569,9,9,1038.4968773520939,0.8963416239370692
(2001 RQ17),2.9996372732532235,0.4947719312682129,1.332099051445125,9,7,1038.338931882621,1.013867677576612
(2003 DG6),3.2169280891575736,0.6045698752606744,8.918038163545976,13,7,1036.865691772453,0.7927796072865712
435730 (2008 UK90),2.747116073428486,0.3709454771832371,34.65565428966807,21,1,1036.0570424490609,1.26050657699631
(2001 XG1),3.2002721574731483,0.597699057600343,3.045813047235767,13,8,1035.4671560131442,0.8058291696188046
(1993 HP1),3.028616290031015,0.5138461348260945,8.02344627272389,12,9,1033.575493120923,0.9726044686148856
(2002 GJ1),2.995577965404897,0.5015930070876098,6.976102369780219,7,9,1029.179228117488,0.9942887311841094
(1993 HC),3.0010117040643163,0.5087773533207807,9.421126630951822,13,6,1024.618576894469,0.9770592783230658
(1998 KJ17),2.9478588057761685,0.4821924978679397,9.129653713629603,11,8,1024.475384833981,1.0298415401863392
(1998 DV20),3.192506303737014,0.608396777796715,19.69334032851225,12,8,1021.424523097348,0.7772931236285567
